Date,AAPL,MSFT,AMZN,JPM,JNJ,XOM,PG,CAT,KO,WMT,mkt_return,vix,rf_return
2010-01-31,-0.0885966049747444,-0.0754591345270324,-0.0677222212927151,-0.0643921326816528,-0.0240643087149498,-0.0551399153112303,0.0224630490052839,-0.0770937139657201,-0.0482453201511396,-0.0003741688010977,-0.0363421153805402,24.6200008392334,6.66422347088691e-05
2010-02-28,0.065396267211379,0.0221456044655821,-0.0558966743603439,0.0778121313546051,0.009895336857977,0.0154281280899386,0.0281068196254645,0.0920748103144404,-0.0282031562525935,0.0119780333488794,0.0311946206809365,19.5,0.0001082688382827
2010-03-31,0.148469952665406,0.0216252181834817,0.1467060379504379,0.0662380987921904,0.0349207185678579,0.0304618663580675,-0.0001576964021079,0.1016651669513255,0.0517859145469319,0.0340927597629161,0.0608797511345007,17.59000015258789,0.0001332356553898
2010-04-30,0.1110213501265673,0.0426768648244053,0.0097960062700734,-0.0474273316991928,-0.0138036275236792,0.0117939813469931,-0.0099825883502003,0.0901307135312754,-0.0281822006205667,-0.0352517935610143,0.0154702415132477,22.049999237060547,0.0001332356553898
2010-05-31,-0.0161245629356218,-0.151394276846483,-0.0849015687768559,-0.0704555408609161,-0.08503118229808,-0.1018060112362398,-0.0172135218192993,-0.1076512620746171,-0.0383530809677458,-0.051943772284123,-0.0794550335683191,32.06999969482422,0.0001332356553898
2010-06-30,-0.0208269098719477,-0.1081392681363538,-0.129124816406665,-0.0750379794319442,0.0130363205362704,-0.0560700624235142,-0.0181700289482084,-0.011355921479111,-0.0166537199152763,-0.0492485429768176,-0.051740553462117,34.540000915527344,0.0001498763921259
2010-07-31,0.022741447356912,0.1216859157075265,0.0789859000914832,0.1017505113407464,-0.0164241944995607,0.0457330915231108,0.027653339888489,0.1688778314724299,0.0995608805321304,0.0649052886904666,0.0683003993232767,23.5,0.0001249141447667
2010-08-31,-0.0550051205299941,-0.0858117026238326,0.0588684595970994,-0.0973190514866435,-0.0091623835384093,-0.0024634324401027,-0.0243622676418079,-0.0658064193485777,0.0139726537253168,-0.0147949679220038,-0.0449801387402811,26.049999237060547,0.0001165918724463
2010-09-30,0.1672149733668204,0.0434599125229469,0.2581911862247958,0.0467550421975491,0.0866360844691278,0.0453391893577082,0.0050275437429849,0.2074893324473219,0.0551770876067725,0.067410581334419,0.089554349871779,23.700000762939453,0.0001332356553898
2010-10-31,0.0607225481722004,0.0890159925253761,0.0520183606286623,-0.0100227321423789,0.0287285168405919,0.076064112417864,0.0681792115231854,0.0044856166680506,0.0478472952155024,0.0121455392791463,0.0382018864095536,21.200000762939453,9.994504212973432e-05
2010-11-30,0.0337896325575961,-0.0470488904266077,0.061550575211672,-0.0061121833318358,-0.0260488718825353,0.0527596178585862,-0.039326519319649,0.0763355246986992,0.0372889146228376,-0.0014769940619284,0.0,23.540000915527344,0.0001415564044608
2010-12-31,0.0366702703810544,0.1049087645702198,0.0262257161038936,0.1342245611332562,0.0048739602103595,0.0511786848076145,0.0533810761450537,0.1070922735774697,0.041158166307845,0.0025560570762959,0.0668526261869997,17.75,9.994504212973432e-05
2011-01-31,0.0519595365694653,-0.0064499132081596,-0.0575555165608724,0.0606231696256964,-0.0336290327478048,0.1033916367819203,-0.0113786622224035,0.0406387757274941,-0.0443967861103535,0.0396809697983677,0.0233001014250777,19.530000686645508,0.0001249141447667
2011-02-28,0.040934292670326,-0.0358058818372754,0.0215161374685153,0.0389403048177365,0.0372365362471383,0.065700893394786,-0.0012677425995111,0.0610243690966181,0.0170247580972309,-0.0729444770656119,0.0347371564717875,18.350000381469727,0.0001249141447667
2011-03-31,-0.0133064585653528,-0.044770273674387,0.0394714061162171,-0.0126364217524401,-0.0356447193106376,-0.0163683292872318,-0.0229969211466715,0.0818033123913413,0.0453850791994212,0.0083650677675135,0.0001203283080326,17.739999771118164,7.496908027748717e-05
2011-04-30,0.0046485180898707,0.0208744705867778,0.087048178737823,-0.0048269866075373,0.1091982002285614,0.0457626022453681,0.0623085345111209,0.0407776931931656,0.0168829132635353,0.0562923236755563,0.0289614514636462,14.75,3.3327223783574667e-05
2011-05-31,-0.0065689162485716,-0.0287831855850024,0.0044942165380894,-0.0523782435015365,0.0327693863861757,-0.0458807083712549,0.0323572566618122,-0.0832679895474212,-0.009635823520756,0.0110102589308973,-0.0112145710032381,15.449999809265137,4.99862552685304e-05
2011-06-30,-0.0349595822685228,0.0395838700918453,0.039656248639357,-0.0531912928398715,-0.0114427324529187,-0.0250393453673521,-0.051193544946385,0.0062375133213881,0.0144766215975178,-0.0376673197469134,-0.0168698610927136,16.520000457763672,2.4996563158685703e-05
2011-07-31,0.1632850969341317,0.0538458654624625,0.0881706419031886,-0.0058981750678581,-0.0260070915703022,-0.0195375190608159,-0.0247957057043565,-0.0681256377944448,0.0106997235788754,-0.0080916607039439,-0.0200044229129774,25.25,8.329516327321151e-05
2011-08-31,-0.0144689454522887,-0.0230694670166048,-0.0327611030495376,-0.0714464784511348,0.0246366385577885,-0.0661886792002788,0.035615232414762,-0.0788538882360597,0.0358773689911637,0.0164062246905178,-0.0549758225984892,31.6200008392334,1.6665139084048874e-05
2011-09-30,-0.0091209539091187,-0.0642856090532336,0.0046461213952082,-0.1980830775378796,-0.0320667307910692,-0.0187788566201141,-0.0078516753375765,-0.1885718146922282,-0.0344814957477069,-0.0242525622245256,-0.0694208056952658,42.959999084472656,1.6665139084048874e-05
2011-10-31,0.0615228044045572,0.0699073825140492,-0.0125791689082843,0.1642096863791118,0.010990029773666,0.0751753678818434,0.0210779469877204,0.2863337577068827,0.0112492339354748,0.092870871526461,0.1091474870369864,29.959999084472656,8.332951413336787e-06
2011-11-30,-0.05578333695683,-0.0321959105943929,-0.0993864342317581,-0.1090337432518504,0.0144533263650936,0.0362311265050869,0.0090638583601874,0.0362060697681507,-0.0088058113224651,0.0384344682713442,-0.0040638153184607,27.799999237060547,8.332951413336787e-06
2011-12-31,0.0596546771832744,0.0148551106473164,-0.0997972134002622,0.0736197552711221,0.013288344961887,0.0537050371508831,0.0331421755867344,-0.0743771079966588,0.0407558685604119,0.0209406954669824,0.010448467352552,23.399999618530277,1.6665139084048874e-05
2012-01-31,0.1271110654133764,0.1375196780572769,0.1232813890258583,0.1298798963704983,0.0050318799471549,-0.0120341001279451,-0.0474669962432361,0.2097990725570448,-0.034872386580633,0.0267734493639881,0.0463744033812996,19.440000534057617,4.99862552685304e-05
2012-02-29,0.1883106065416195,0.0819151446931407,-0.0758588954407266,0.0520109720139498,-0.0038710965773703,0.038613099168711,0.0726526015107047,0.0466457581170638,0.0345038517897375,-0.0371578912972632,0.0434054708882341,18.43000030517578,6.66422347088691e-05
2012-03-31,0.105283793136325,0.0163829603307801,0.1269964720047307,0.1717633847672752,0.0135218893617559,0.0026588640597382,-0.0060635748601864,-0.0673322879850774,0.0671626318324314,0.0428172378163007,0.0321638776456234,15.5,5.831462642125196e-05
2012-04-30,-0.0259696595361137,-0.0074392942784006,0.1451286930569155,-0.0591269178339215,-0.0130383089584732,-0.0044967905139118,-0.0451073229253699,-0.0311238590294178,0.0312119080919079,-0.037418149132843,-0.0066757497728761,17.149999618530273,8.329516327321151e-05
2012-05-31,-0.0107024340480846,-0.082400717939034,-0.0818887505007921,-0.2287107770093102,-0.0316779967750556,-0.0830241517325973,-0.0212130568286603,-0.1474159711505465,-0.0208332316131106,0.1248792192128303,-0.0600561245406983,24.059999465942383,5.831462642125196e-05
2012-06-30,0.0108527645182672,0.0479618310344023,0.0725188432532302,0.0778273861542511,0.0821720537586019,0.0882614512765538,-0.0166961195567896,-0.030929532364707,0.0534441877607549,0.0592523847448098,0.040581663343755,17.079999923706055,7.496908027748717e-05
2012-07-31,0.0458219696837338,-0.0366132603906399,0.0216772874569541,0.0159578525257286,0.0245704706485665,0.014958355516115,0.0628545515137253,-0.0019076335896404,0.0333801847453836,0.0675563269675303,0.011829570481433,18.93000030517578,9.162048384192544e-05
2012-08-31,0.0938768175827333,0.0527372492113171,0.0641662985639128,0.0316665520515113,-0.017007780894552,0.0117137961707856,0.0410601255298208,0.013300187836295,-0.0742571921424922,-0.0193116127377493,0.0250527167248233,17.469999313354492,7.496908027748717e-05
2012-09-30,0.0027957567494998,-0.034393494405305,0.0243686128173645,0.0899295182144057,0.0219489626446849,0.0475371333038143,0.032296047511207,0.0083208629934452,0.0210646655166357,0.0165289000704238,0.0253503271263348,15.729999542236328,8.329516327321151e-05
2012-10-31,-0.1075998290862042,-0.0409945392142125,-0.0842639083008667,0.0372492466205069,0.0277173802258545,-0.003061549888201,0.0064678603136294,-0.0083437702802801,-0.0197736014970367,0.0165311097621652,-0.0181978478838945,18.600000381469727,9.162048384192544e-05
2012-11-30,-0.0123748726727783,-0.0596095626550089,0.0822706171418303,-0.0143953084693411,-0.0066840442545303,-0.0271822077572347,0.0085209631249956,0.0050702158978555,0.0269011445557505,-0.0399889783788942,0.0056593153747952,15.869999885559082,6.66422347088691e-05
2012-12-31,-0.0907427347039721,0.0033808106510102,-0.0046816120164553,0.0703506114647081,0.0053058743694327,-0.0180389543611253,-0.0277815758590526,0.0573230991655888,-0.0440398145764411,-0.0473671258436675,0.0089345919857861,18.020000457763672,4.165712110459907e-05
2013-01-31,-0.144089274948083,0.0277053907323958,0.058317030737075,0.0773982725112043,0.0544942617648165,0.0395149087046347,0.1160606353617779,0.0979802376304379,0.0273107796120908,0.0252085253421046,0.0511902392756362,14.279999732971191,5.831462642125196e-05
2013-02-28,-0.0252858451473039,0.021135042074305,-0.0046327380346018,0.0397452152422885,0.0378624087585215,0.0016904893258256,0.0135706921757134,-0.0611851537908675,0.0397418987572151,0.0118657507393558,0.0127587646194646,15.510000228881836,9.162048384192544e-05
2013-03-31,0.0028545496609777,0.0291369775653174,0.0084005040937589,-0.0298449954610684,0.0712123109637072,0.0062531820695479,0.0115515728234933,-0.0584606301743221,0.0519816273240869,0.0640402870752641,0.0379713251005837,12.699999809265137,5.831462642125196e-05
2013-04-30,0.0002711556412084,0.1569378554696086,-0.0475815092897089,0.0391156186696588,0.0453822280536508,-0.0124293674377427,0.0035559250559502,-0.0201919593240081,0.0467358238788866,0.0386209614959061,0.0192124111641334,13.520000457763672,4.165712110459907e-05
2013-05-31,0.0224192022663034,0.0617742359500519,0.0606358900767223,0.1138550591773137,-0.0048947935141758,0.0236636888019263,-0.0001299214438236,0.0133459108301592,-0.0552797868590926,-0.0312805351365762,0.0236095658265276,16.299999237060547,3.3327223783574667e-05
2013-06-30,-0.1182930335210723,-0.0103152852374518,0.0315378536787278,-0.0329732429190822,0.0199571586025855,-0.0013259567986151,0.0029966845469326,-0.0385780597889533,0.0099330001782651,-0.0046766526242717,-0.0133444374107697,16.860000610351562,3.3327223783574667e-05
2013-07-31,0.1412249092281392,-0.0781701474566066,0.0847348020149525,0.0633906890508599,0.0889816396605167,0.0376315508358633,0.0508049201917977,0.0120980123442135,-0.0007477895581423,0.0463150605134357,0.0516770720327151,13.449999809265137,3.3327223783574667e-05
2013-08-31,0.0837670061897755,0.0563871348497748,-0.0671934196028355,-0.0933072274249302,-0.0688660164086911,-0.0638675271982558,-0.0300121041848161,-0.0044625045464239,-0.0474052607278291,-0.0579531364773359,-0.0299925989036632,17.010000228881836,2.4996563158685703e-05
2013-09-30,-0.0214892860029697,-0.0035931797711404,0.1126770736120641,0.0229567389317417,0.0032405405234141,-0.012850091758503,-0.029528787482267,0.0104193201487423,-0.0006419869492336,0.0134284831563735,0.0316463364437558,16.600000381469727,1.6665139084048874e-05
2013-10-31,0.0963811308882229,0.0640025397184049,0.164374358655241,0.0044442466583471,0.0682891286487867,0.0416085190261068,0.0766147221667608,0.0065204909853284,0.0446142949320689,0.0377232027348224,0.0463070108417007,13.75,3.3327223783574667e-05
2013-11-30,0.0700534046803758,0.0849810015968395,0.081284499731107,0.110205862470941,0.0292715577911097,0.0501682351913657,0.0429718892639263,0.014874776332048,0.0227837454162695,0.0555049538060641,0.0296372218679443,13.699999809265137,4.99862552685304e-05
2013-12-31,0.0089017718050941,-0.0188825638292718,0.0131345488574321,0.0220201514390674,-0.0324315156649779,0.0825847583769578,-0.0333651940098291,0.0734046103418044,0.0278677773922293,-0.0229840235876538,0.025926994977137,13.720000267028809,5.831462642125196e-05
2014-01-31,-0.1076970007240677,0.0114941081400181,-0.1005542258730379,-0.0471604666419276,-0.0340650077709303,-0.089328363551939,-0.0517178075887541,0.0408955755033948,-0.0844831437506443,-0.0509595291014788,-0.0352484052114984,18.40999984741211,1.6665139084048874e-05
2014-02-28,0.0575113307794366,0.0200127392017628,0.0095068055480667,0.0263731323845792,0.0487494311612974,0.0519946688516768,0.0266248805326068,0.032584282078794,0.0100476097379322,0.0002678894743455,0.0455157510697721,14.0,4.165712110459907e-05
2014-03-31,0.0199526603896607,0.0699552173131405,-0.0710576667199733,0.0684615458700408,0.0663267431765306,0.0146463179526981,0.0246630679492603,0.024749942399562,0.0200604153598387,0.029760042119806,0.0082958019133643,13.880000114440918,4.165712110459907e-05
2014-04-30,0.0993965006906532,-0.0143939342260925,-0.0958468600450591,-0.0720995664555245,0.0311509073210825,0.0484237118676589,0.0323763998094277,0.0669280262460965,0.0550955562729591,0.0429157638678581,0.0069511428687165,13.40999984741211,2.4996563158685703e-05
2014-05-31,0.0787092088611014,0.0205160818174339,0.0276854980106515,-0.0073238612501116,0.0086595795028261,-0.0116931798290423,-0.0213204880068911,-0.0300763014334842,0.0029420346819177,-0.0309213140603515,0.0232063250237735,11.399999618530272,3.3327223783574667e-05
2014-06-30,0.0276619493936309,0.0185631103280017,0.0391297876481062,0.0368902397602406,0.0311456746304139,0.0014922574725251,-0.0272310923299849,0.062995424360261,0.0432307944217087,-0.0221443446954525,0.0206451081741074,11.56999969482422,3.3327223783574667e-05
2014-07-31,0.0287314867703212,0.0350120348548519,-0.036301521991122,0.0078642041632652,-0.0433000334473683,-0.0172826210314712,-0.0083005180594445,-0.0670186296663759,-0.0724740873990305,-0.0198477262239505,-0.0134378403344214,16.950000762939453,2.4996563158685703e-05
2014-08-31,0.0775086002815739,0.059169824119498,0.0832294820925929,0.0308654338579077,0.0433775436094689,0.0122582254145946,0.0748835662147235,0.0825807180294941,0.061847908853692,0.0328540063304962,0.0394635616887435,12.09000015258789,2.4996563158685703e-05
2014-09-30,-0.0170735034955292,0.0204711386855571,-0.0489617708908799,0.0132886773286757,0.0275714750598863,-0.0543933569029303,0.0075803383178938,-0.0920513555812025,0.0299806888892699,0.0128474137503182,-0.0137962544389999,16.309999465942383,1.6665139084048874e-05
2014-10-31,0.0719605943899672,0.0127259930982526,-0.0526609596062547,0.010747896514941,0.0111646003151442,0.0282825411084139,0.0501473763162154,0.031834332855622,-0.018284182880171,-0.002615329666245,0.0235507109741095,14.029999732971191,8.332951413336787e-06
2014-11-30,0.1059788943954413,0.0247403107041492,0.1086230255185467,-0.0052907123332213,0.0109015126313523,-0.057039210120776,0.0362097475902229,-0.0079874864885418,0.0778381413612478,0.1477645743713438,0.027472181809222,13.329999923706056,1.6665139084048874e-05
2014-12-31,-0.0718911403126099,-0.0284459722654849,-0.083540004082348,0.0402260267906882,-0.0339950948604435,0.0210953922438719,0.0072982677827191,-0.0901589233090183,-0.0582199746751381,-0.0134818003141838,-0.0025363716483259,19.200000762939453,3.3327223783574667e-05
2015-01-31,0.0614243130715415,-0.1302475630404337,0.1423553822877341,-0.1254421522102118,-0.0423640151643428,-0.054407648962983,-0.0680701496236446,-0.1191331773371335,-0.0248697209799761,-0.0104798652112673,-0.029629488493269,20.96999931335449,1.6665139084048874e-05
2015-02-28,0.1007765723061693,0.0931206239084805,0.0722928888760248,0.126884655581378,0.0308327429002601,0.0204346931085197,0.0099656857479057,0.0366384753615212,0.0517366936563568,-0.012356165340531,0.0562048957936422,13.34000015258789,1.6665139084048874e-05
2015-03-31,-0.0313716851779372,-0.072748122504489,-0.021201593551299,-0.0114228664552381,-0.0186326445646015,-0.0399815610466273,-0.03747198816801,-0.0346200440367758,-0.0557394070974618,-0.014130175782709,-0.0157057530821131,15.289999961853027,2.4996563158685703e-05
2015-04-30,0.0057860388668664,0.196261670957887,0.1335125622566606,0.0511796932884576,-0.0139164323198304,0.0278826013100383,-0.021851124696761,0.0945900347390786,0.0002468129029773,-0.0510643617018999,0.0098338678401286,14.550000190734863,8.332951413336787e-06
2015-05-31,0.0453394514398979,-0.0303344774113341,0.0176632108466261,0.0398354876424771,0.0168371455535121,-0.0167720832182655,-0.0140860427573938,-0.0179554623526372,0.009861587507421,-0.0424246765912039,0.0128563060098489,13.84000015258789,8.332951413336787e-06
2015-06-30,-0.0372274440621464,-0.0578318623222591,0.0113226022699772,0.0301005492868273,-0.0267628381004405,-0.0234738157147023,-0.0019136690359902,-0.005860406682358,-0.0343345434131215,-0.0449707896352482,-0.0203121963677228,18.229999542236328,8.332951413336787e-06
2015-07-31,-0.0329269350990861,0.0577573909544564,0.2351125616453366,0.017973931824613,0.0282169163721872,-0.0479565812698988,-0.0116556192547105,-0.0644183466519155,0.0471574677436377,0.0148032791818126,0.0225891117801533,12.119999885559082,6.66422347088691e-05
2015-08-31,-0.0661963005636153,-0.0619489556080232,-0.0433833841425995,-0.0646433677646147,-0.0549950194932417,-0.041232691232206,-0.0786178650006136,-0.0278517736012203,-0.0428433557139448,-0.0945821900442072,-0.060949984610917,28.43000030517578,6.66422347088691e-05
2015-09-30,-0.0218161189412166,0.0170037393204032,-0.001949780381022,-0.04882975567793,-0.006703444225913,-0.0118283328653192,0.0179709598893458,-0.1449503759258033,0.0291858687362815,0.0016996253393961,-0.0255160021161721,24.5,0.0
2015-10-31,0.083408957401162,0.1893358934276148,0.2227236546930227,0.0614003918503831,0.0822707131463005,0.1128442265593323,0.0712602156199031,0.1292180127756659,0.0555834897374232,-0.1172115662696061,0.0850596838303303,15.06999969482422,6.66422347088691e-05
2015-11-30,-0.0058044814212253,0.0394443096549079,0.0621505543195763,0.0378209176338042,0.0094655691734923,-0.004449200282672,-0.0201625050966847,-0.0046575982075824,0.0140930511666739,0.0279521751006257,0.0036549821537119,16.1299991607666,0.0001831487316386
2015-12-31,-0.1102282043813875,0.0207911029779768,0.0166816106238625,-0.0097480091981433,0.0146190748522765,-0.0454320080423411,0.0610639626368407,-0.0645565615749402,0.0079775836512971,0.0505345811322679,-0.017282521100296,18.209999084472656,0.0001332356553898
2016-01-31,-0.0752424273974952,-0.0070295462266294,-0.1315154320029574,-0.0928495750631859,0.0167441984867426,-0.0012830278011134,0.0376780224089146,-0.0727005467072915,-0.000931263442821,0.0825449575998567,-0.049786265031361,20.200000762939453,0.0002745849373302
2016-02-29,-0.0012873639904257,-0.0697892991218817,-0.0587393835904203,-0.0537814770372909,0.0146734024376331,0.0388882137877073,-0.0171379457941258,0.0877251327365458,0.0048932587332137,-0.0003015250541041,-0.0008262045975206,20.549999237060547,0.0002745849373302
2016-03-31,0.1272105491032156,0.0854951831246089,0.0744226379765782,0.0518652745676828,0.0284190737952225,0.0429194278081268,0.0251586332768334,0.1305762246662707,0.083973512924808,0.0400518617437144,0.0672658197807303,13.949999809265137,0.0001748317881415
2016-04-30,-0.1399210049134867,-0.0970486450775574,0.1110942894178326,0.0751080982858132,0.0358597853932753,0.0575428940945097,-0.0186330733465478,0.0253178309013817,-0.0342746327410603,-0.023652806860285,0.003941323389242,15.699999809265137,0.0001831487316386
2016-05-31,0.071772787786321,0.070196684362785,0.09581709440582,0.0327529925810143,0.0126209906318959,0.0154770517047331,0.0114826201227313,-0.067035980925483,-0.004464287807868,0.0662210349350354,0.0170117563443696,14.1899995803833,0.0002828927622806
2016-06-30,-0.0426596618727461,-0.0345281227116627,-0.0099199335258159,-0.0479543876047066,0.0764043577640507,0.0530216340336289,0.0447929814515735,0.0455111420260896,0.0241618863342749,0.0316474190209825,0.0034757511758602,15.630000114440918,0.0002164089003005
2016-07-31,0.0900628372302847,0.1076800943031901,0.0603532665072741,0.0374634705395195,0.0323987582734908,-0.0510987146336771,0.0187871883181012,0.1021931821611137,-0.037502883324644,-0.0006844304172486,0.0364714653995206,11.869999885559082,0.0002330344234704
2016-08-31,0.0236518239082783,0.0200796777568736,0.0136398269272262,0.0551817983280658,-0.0406758452571253,-0.0119943362469143,0.0200957818170921,-0.0097873328688496,-0.0045841232187854,-0.0142655992118539,0.0011972177619561,13.420000076293944,0.0002745849373302
2016-09-30,0.0655045540533689,0.0024365608754037,0.0886031828092828,-0.0134812181083121,-0.0101392607881397,0.0016062473138487,0.0279463388070184,0.0832217841667966,-0.017597008944147,0.0095183829844374,5.826068533520967e-05,13.289999961853027,0.0002413460452737
2016-10-31,0.0043343941962941,0.0402778331964575,-0.0567173494891474,0.0476565471363343,-0.0181155820136926,-0.0453710919079308,-0.0254019663719631,-0.0515185015010184,0.0018903729093013,-0.0291179422018781,-0.0173371061864793,17.059999465942383,0.0002828927622806
2016-11-30,-0.0216011401938306,0.0124682342084156,-0.0496949044026711,0.1575222975865555,-0.0338036495863145,0.0570453459553612,-0.0500002748743537,0.1449795186600178,-0.0403039521720524,0.0058556168177152,0.036838367118307,13.329999923706056,0.0003991226892567
2016-12-31,0.0479550929438366,0.0311979070402734,-0.0009326204826226,0.0763383118467682,0.035130529508375,0.0339058831530647,0.0196461076062277,-0.0295100718228347,0.0275096447217773,-0.0115760079247417,0.0202719298508102,14.039999961853027,0.000424009787461
2017-01-31,0.0477465545743585,0.0403925074975402,0.0981636831579693,-0.0138110670502801,-0.0170124638503502,-0.0705735850469514,0.0501220491968519,0.0400444140199878,0.0026529397376837,-0.0344330529089116,0.0178946508986246,11.989999771118164,0.0004323039737159
2017-02-28,0.133777683018675,-0.0043635648298848,0.0261815495357073,0.0707791152460111,0.0862574870025478,-0.0217713162971592,0.0396114650900685,0.0104536642063912,0.0093817076064472,0.0627805152352496,0.0392913774464538,12.920000076293944,0.0004405974036381
2017-03-31,0.0486897588581169,0.0293842307098823,0.0491101206308208,-0.0306778310996107,0.0191473771350423,0.0084847844642055,-0.0133960665766887,-0.0403476366918275,0.0203667292979987,0.0236858352618016,0.001250291854655,12.369999885559082,0.0006311378751067
2017-04-30,-6.958854993455166e-05,0.0394777304648701,0.0433708715886678,-0.0038717241016275,-0.0086713291570561,-0.0043895141404433,-0.0206043212662208,0.1115718482018466,0.0167298490263219,0.0430075418796775,0.0099257841236248,10.81999969482422,0.0006642346436225
2017-05-31,0.0678074308258929,0.0260055267727286,0.0752764613149639,-0.0557472419991778,0.0456019748591463,-0.0047745635291274,0.0087023167023687,0.0309997192738731,0.0537659331201143,0.0524870385667866,0.0141130768265169,10.40999984741211,0.0008130212763268
2017-06-30,-0.0572139223090204,-0.0130301171572019,-0.0267639398764241,0.1125988228231589,0.0315008549585884,0.0028573956945776,-0.0106706561622395,0.0192542386105381,-0.0055179651560467,-0.0371501144825102,0.0063750149976713,11.18000030517578,0.0008543077507923
2017-07-31,0.0327036248070522,0.0546930990834571,0.0204338508658337,0.0099012581052704,0.0032507274715263,-0.0085469183321444,0.0502871759092555,0.0680487351368461,0.0220730642533464,0.0569506043908953,0.0205540626266318,10.260000228881836,0.0008873234469353
2017-08-31,0.1069996749257076,0.0339527274276894,-0.0072688485312847,-0.0099131912493942,0.0037073052279537,-0.037108295138565,0.0159657349605226,0.0310662932038352,-0.0063259028623693,-0.0178642190538292,0.0029178015490842,10.59000015258789,0.000837795409097
2017-09-30,-0.0602442381251755,-0.0037447629765288,-0.0196307920690396,0.0508308960000307,-0.0178287776074248,0.0740207848816638,-0.0139809528621229,0.061451992692858,-0.0039926637942711,0.0008968254715584,0.020149182793258,9.510000228881836,0.0008790706459502
2017-10-31,0.0968079226167957,0.1166599215315953,0.1497165176249049,0.0595551838420098,0.0723020482690417,0.0167114725350503,-0.043888583588142,0.0954214258438568,0.0215508875211747,0.1173533325890983,0.0235642023389595,10.18000030517578,0.0009533189220309
2017-11-30,0.0202778988018279,0.0169837486566277,0.0646623767888814,0.0388625991648019,0.0055465232738185,0.0085281248905211,0.0422745189284592,0.0393962481514054,0.0035936940745431,0.1136184441399268,0.0305658154181276,11.279999732971191,0.0010522224777222
2017-12-31,-0.0152458177835369,0.0162765270287994,-0.0061865684018398,0.0231536972495458,0.0027988770986213,0.0042018356250257,0.0210021926425376,0.1164011071415918,0.0024034001751238,0.0209855913543399,0.0121279804282661,11.039999961853027,0.001151018662145
2018-01-31,-0.0106367392698348,0.110708731397352,0.2406389754181057,0.0872692677140236,-0.0109506044753827,0.0437596101743378,-0.0531320094177407,0.0377934572194105,0.0372714930629805,0.0794935296748426,0.0563594526863358,13.539999961853027,0.001208600281918
2018-02-28,0.068185451989595,-0.0084152013847951,0.0424290636020012,-0.0014699847940604,-0.0541160131492196,-0.1235456827037079,-0.0905722268661373,-0.0500676111883714,-0.09182634949285,-0.1556285484718793,-0.0363608450125871,19.850000381469727,0.0013647098773525
2018-03-31,-0.0580505557985304,-0.0266610841566916,-0.0430493688856892,-0.0478785569706333,-0.0133200461484934,-0.0149197457129773,0.0096788417287416,-0.0468860493277301,0.0137289179931581,-0.0056610763407833,-0.027410559058828,19.96999931335449,0.0014303602255574
2018-04-30,-0.0150198676164444,0.0246523218102709,0.0820747964716301,-0.0058050268936624,-0.0129536989900752,0.0420859048618575,-0.079094179225572,-0.0155595788085887,-0.0050652758658165,-0.0057323363122377,0.0051684810349672,15.93000030517578,0.0015451345433195
2018-05-31,0.1351238607419194,0.0614672084612752,0.0405394108803862,-0.0162714272356661,-0.0472986283567496,0.0554781782189011,0.0114734536504117,0.0522999465920019,-0.0048599670229527,-0.0610445109239731,0.0243089433874046,15.43000030517578,0.0015942792801031
2018-06-30,-0.0094182129848759,-0.002327201954863,0.0430651923177398,-0.0262591805178022,0.0143790389128997,0.01834116785869,0.0668310038379527,-0.1069051165398343,0.0290845060357369,0.0376785004992985,0.0057510229042243,16.09000015258789,0.0015942792801031
2018-07-31,0.0279831631463249,0.0757530449762402,0.0456760075509372,0.1091620385774378,0.0921371986813675,-0.0147469194628249,0.0455297679504123,0.0664233914238234,0.0631554234448084,0.0417980916360214,0.0370463005380479,12.829999923706056,0.0016761282769228
2018-08-31,0.2004224921056292,0.0629931054464023,0.1323644812853974,-0.0032187860644254,0.02314852769371,-0.0062949109306127,0.0255930963193533,-0.0344229683299228,-0.0441779176983392,0.0805422661938757,0.0319199540649746,12.859999656677246,0.0017415545459757
2018-09-30,-0.0083032466645739,0.0181605431085889,-0.0048243068342539,-0.0151861244799489,0.0258371045771963,0.060496364098179,0.0033758938304606,0.0982357796116069,0.0451626157911706,-0.0203423777795617,0.0059457455173901,12.119999885559082,0.0018069338440696
2018-10-31,-0.0304774213743531,-0.0661012079111003,-0.2021917501830787,-0.0270874845661313,0.0131720897300393,-0.0628085563637202,0.0748958472534735,-0.1993366798749184,0.036588385630826,0.0678311732458072,-0.0691045256510686,21.229999542236328,0.0019293936717392
2018-11-30,-0.181197551067387,0.0426836969664297,0.0576717524524197,0.0199048276301621,0.0560431426171059,0.0078553970151675,0.0657420487909776,0.1182827409782376,0.060954934365129,-0.0262268863202315,0.0185492016181405,18.06999969482422,0.0019538658918776
2018-12-31,-0.116698579984988,-0.0840473050502126,-0.1113497000640443,-0.1220434960023906,-0.1215111983841336,-0.1422641682461961,-0.0274045173526441,-0.0633893428643461,-0.0605158692411361,-0.0408772848751287,-0.0880484010647079,25.420000076293945,0.0020190930200914
2019-01-31,0.0551542252340075,0.0281580779135659,0.1443170900523207,0.0688439707310335,0.0312282427221541,0.0746443427277772,0.0578002494225606,0.0546679294560688,0.0164732762610488,0.0287709718297786,0.080065576939063,16.56999969482422,0.0019864852944315
2019-02-28,0.044776467164604,0.0773573743434716,-0.0459059848796181,0.0083089180305442,0.0335604458553018,0.0904392851682662,0.0215607236112145,0.0313910402690182,-0.0579680868325985,0.0329747818175647,0.0324159565190549,14.779999732971191,0.0020190930200914
2019-03-31,0.0970258288712699,0.0527536927796061,0.0859357073135327,-0.0299922947986759,0.0230532731274335,0.0223965481483783,0.055809690959953,-0.013470526999312,0.0425468268869935,-0.0094475612447227,0.0181006242968557,13.710000038146973,0.0019783315388433
2019-04-30,0.0564356920045414,0.1073430407416706,0.0818587454691699,0.1551712462478531,0.010086514083889,-0.006435536331604,0.0305783809743751,0.0352434122305767,0.0469482439554862,0.0544448413603873,0.0408524059193866,13.119999885559082,0.0020027906163269
2019-05-31,-0.1242127929489754,-0.0494809472284536,-0.0786131967477928,-0.08694535098457,-0.0648201766570726,-0.1083557875050612,-0.0335274479999537,-0.1406542362149019,0.0014269808659594,-0.0083734436312035,-0.0637712558242157,18.709999084472656,0.0019375518090325
2019-06-30,0.1305189098116586,0.0831179201234284,0.0667917465500809,0.0551151017957556,0.0619899851501026,0.0828035374961291,0.0654941538979392,0.1375509200362852,0.0445248206409012,0.0892153216323412,0.0695865303234477,15.079999923706056,0.0017497295255153
2019-07-31,0.0763948370482778,0.0172437292262908,-0.0141791834936947,0.0449129948186528,-0.0650486910081904,-0.0296232081522426,0.0834879648451647,-0.0264645059055356,0.0335820764203815,-0.0009957988664478,0.0151196186820332,16.1200008392334,0.0017170252032794
2019-08-31,-0.0164612885916458,0.0150367000092066,-0.048473822697145,-0.0529310599120314,-0.0068974541157539,-0.0676236658053763,0.0185528629456079,-0.0962255083376155,0.0457912159832432,0.0402471420852035,-0.0167434530437156,18.979999542236328,0.0016433975062259
2019-09-30,0.0729614937024383,0.0084871168228948,-0.0227327431597064,0.0712724675478293,0.0079464580930979,0.0311037439951877,0.0345171478526245,0.0614287046288224,-0.0036697414353136,0.0386836059443842,0.019457607137904,16.239999771118164,0.0015533271750713
2019-10-31,0.1106844659690999,0.0312160107963923,0.0234747012691118,0.0699353677732523,0.0205597878790744,-0.0430532910526882,0.007439642945211,0.0995422049281888,-0.0001832599318971,-0.0119649583513756,0.0221046837827374,13.220000267028809,0.0012743632726075
2019-11-30,0.0775547121569253,0.0594626661036017,0.0135873012274039,0.0547550072104532,0.0484896529599954,0.0204472363369998,-0.0196770972577263,0.0502900956047076,-0.0115950570441953,0.0156061785961423,0.0361982689154019,12.619999885559082,0.0013154410275031
2019-12-31,0.0987832838108706,0.0417489390738279,0.026121694264473,0.0579843700422737,0.060949717657037,0.024218525304188,0.0232672562794322,0.0203825871866976,0.0365164943559745,0.0023770763827057,0.0290554928346324,13.779999732971191,0.0012825803067024
2020-01-31,0.0540101493684097,0.0794547632773654,0.0870638027865227,-0.0444063943688392,0.0205664176679927,-0.1097737343243178,0.0036860430773879,-0.1043379075289627,0.0551040346893398,-0.0366042874646062,-0.000403597929917,18.84000015258789,0.0012825803067024
2020-02-29,-0.1147017172051192,-0.0456879121729428,-0.0622137201336305,-0.1227714889584288,-0.0909011991313646,-0.1600368952136626,-0.0913976676808629,-0.0541304315383298,-0.0840754299125939,-0.0594808472877332,-0.0791658549824093,40.11000061035156,0.0010522224777222
2020-03-31,-0.0697613224724151,-0.0265417943434236,0.0350205713182232,-0.2246145593054289,-0.0249107272703346,-0.2618583653214524,-0.0285263192127553,-0.0660011287685857,-0.1654873166480738,0.0598319784362069,-0.1248713963284895,53.540000915527344,9.162048384192544e-05
2020-04-30,0.1553736367596545,0.1363265274458354,0.2689001176660717,0.074698181607858,0.1442078634146246,0.2238608711567467,0.0786918970257974,0.0121377954004002,0.0370622416090375,0.0697943106914158,0.1269833224613612,34.150001525878906,7.496908027748717e-05
2020-05-31,0.085094019983452,0.0253909671220575,-0.0127849412400917,0.0161862522102995,-0.0017249231986383,-0.0025472999552439,-0.0165437029695442,0.0322219520600244,0.0172149664896748,0.0251394577022678,0.0476452708505423,27.51000022888184,0.0001165918724463
2020-06-30,0.1473864207107487,0.1105592897018596,0.1295667285339112,-0.0333984680996807,-0.0545886816066899,-0.0164942400859423,0.0314872346108674,0.0530257929088198,-0.0341491282052092,-0.0344994342913917,0.0177345052214352,30.43000030517578,0.0001332356553898
2020-07-31,0.165131758952528,0.0073706209008774,0.1471136218500213,0.0374411468119526,0.0364788813542962,-0.0590340598151711,0.1035158502734276,0.0583020361934325,0.0572963767444412,0.0803142316493601,0.0588920550898914,24.459999084472656,7.496908027748717e-05
2020-08-31,0.216569183288271,0.1027520072217069,0.090461033692982,0.0367346183912411,0.0594883270413262,-0.0321312394188315,0.0549880021752728,0.0709661283599005,0.0484755626164468,0.0774407011204687,0.0697969965590985,26.40999984741211,9.162048384192544e-05
2020-09-30,-0.1025264189620731,-0.0673968553043332,-0.0875785918526055,-0.0391259961019022,-0.0295284112641947,-0.1404603945873703,0.0047710361394197,0.0480639602687478,0.0048383786145784,0.0076339148451514,-0.0374434657646867,26.3700008392334,8.329516327321151e-05
2020-10-31,-0.0600119298686864,-0.0373696172749734,-0.0357540853352055,0.0278358313106319,-0.0790569012464371,-0.0498107988922403,-0.0081211275286163,0.0593984690958881,-0.0265342677498972,-0.0082909822941633,-0.0249338968771571,38.02000045776367,7.496908027748717e-05
2020-11-30,0.0954932409208151,0.0600604714609855,0.0434398688653248,0.2023663956611316,0.0625430525346544,0.1971165520167606,0.012910282756976,0.10531690911153,0.0820760766921682,0.1011893531521794,0.1087770468889899,20.56999969482422,6.66422347088691e-05
2020-12-31,0.1145736893126014,0.039005723183332,0.0280583830144842,0.0779606351535338,0.0877802340865239,0.0810386393870179,0.0019445834761131,0.0485628711357026,0.0627908995733101,-0.0530996791599707,0.0370486416631508,22.75,7.496908027748717e-05
2021-01-31,-0.005501570396588,0.0428920160497117,-0.0155760122365283,0.0198837658113295,0.0365357938284161,0.0878213233452904,-0.07299623481831,0.0098492750923886,-0.1219910989515102,-0.0253900409971407,-0.0101906258057092,33.09000015258789,4.99862552685304e-05
2021-02-28,-0.0797120308158114,0.0041179600930891,-0.0353284137674236,0.1437786596776362,-0.0225700360495296,0.2331248863954167,-0.0365023865461224,0.1807042968659584,0.0174454151894594,-0.0752367692557359,0.0278054373388088,27.950000762939453,3.3327223783574667e-05
2021-03-31,0.0073394614151838,0.0145880511160592,0.0003717841485171,0.0343821768713952,0.0371699193124943,0.0268533337006309,0.0963326822457344,0.074068997374727,0.0848893105420505,0.049854432772437,0.0453994368101566,19.399999618530277,2.4996563158685703e-05
2021-04-30,0.0762180093806366,0.0696018666915587,0.1206627370956834,0.0163298389115293,-0.009857279666089,0.0252551370027072,-0.0085387227264438,-0.0117689152334049,0.024093740346551,0.0300377295073452,0.0529103192442976,18.61000061035156,8.332951413336787e-06
2021-05-31,-0.0504970674972564,-0.0076275370644902,-0.0704702552586937,0.0678107482381675,0.0465555378898652,0.0345970286524481,0.010718330240226,0.0568585249932864,0.024268530984538,0.0191390621238976,0.0065661339999085,16.760000228881836,8.332951413336787e-06
2021-06-30,0.0991091225822431,0.0849889098275464,0.0673549873709398,-0.0529711616842862,-0.0266468688276597,0.0806922850354427,0.0005929855378208,-0.0972706914148092,-0.0139678321087663,-0.0071109758319062,0.0224275277801628,15.829999923706056,4.165712110459907e-05
2021-07-31,0.0649827052081364,0.0517165869339253,-0.0327222827222827,-0.018550870679393,0.0452833825499978,-0.0873495105495241,0.0607319277164946,-0.0448947512438308,0.0539641520624236,0.0108493381795584,0.0244124243626446,18.239999771118164,4.99862552685304e-05
2021-08-31,0.0424889940121626,0.06159104421673,0.0430341694999938,0.0538283746752006,0.011375248362802,-0.0386451559110897,0.0011246642673747,0.0199274818827364,-0.0126248588552071,0.0427570918389963,0.0297595645504773,16.479999542236328,3.3327223783574667e-05
2021-09-30,-0.0680365760234265,-0.0661189225924244,-0.0535181087629258,0.0233823155954213,-0.0671747557541971,0.0788700209476891,-0.0181894183307284,-0.0896288007292921,-0.0611614977589914,-0.0588793470116075,-0.0466052735951824,23.13999938964844,3.3327223783574667e-05
2021-10-31,0.0586571382578924,0.1762912423918741,0.0266024575966432,0.0441303502934102,0.0085447549377473,0.0960559019349753,0.0291591046131489,0.0685860619845799,0.0743280766102509,0.0720333673607214,0.07016354038498,16.260000228881836,4.165712110459907e-05
2021-11-30,0.1050816860482419,-0.0012823808584055,0.039923701306487,-0.0651009451290921,-0.0363989937356625,-0.0593422800794725,0.0111196932149124,-0.0522523550788225,-0.0623248504090986,-0.0588274719347743,-0.008034845540137,27.190000534057617,4.165712110459907e-05
2021-12-31,0.0742290024308918,0.0173327896572492,-0.0492519687882848,-0.0030219510262988,0.0970950055881321,0.0225602220432432,0.1314150562703231,0.0692527011702777,0.1288846596973036,0.0330128672695959,0.046247646493605,17.219999313354492,4.99862552685304e-05
2022-01-31,-0.0157121601719616,-0.0753451981230227,-0.1028299102184566,-0.0559474642180419,0.0071315074346274,0.2413792952769342,-0.0138381473520876,-0.020325130412774,0.0304001294774554,-0.033727519769418,-0.0527411191846589,24.82999992370605,0.0001831487316386
2022-02-28,-0.0540660208891565,-0.0372117757081704,0.0266725182655884,-0.0457602290431813,-0.0386766424052114,0.04383020749036,-0.028420179719332,-0.0693586750703642,0.0201606673324608,-0.0332593039028612,-0.0295169093896742,30.149999618530277,0.0002911998282955
2022-03-31,0.0574735124661056,0.031861848821441,0.0614372850300157,-0.0386461328020931,0.0769279346635041,0.0531753349824999,-0.0198214926965283,0.1878660818043869,0.0037693398332907,0.1060665861885554,0.0375903066023264,20.559999465942383,0.0004323039737159
2022-04-30,-0.097130809695336,-0.0998670424670421,-0.2375250931362105,-0.1179230301425959,0.0182247604406935,0.0322075252394262,0.0566148899156164,-0.050580226311565,0.0420967151768079,0.0273300975118873,-0.087769169520402,33.400001525878906,0.0007055886783371
2022-05-31,-0.0544960759460599,-0.0180771794847258,-0.0327643176031664,0.1078251572803377,0.0012392841224075,0.1376344466272521,-0.0789164193738742,0.0252206807621766,-0.0190370982386794,-0.1561698012068937,0.002257291700429,26.190000534057617,0.0009615649919465
2022-06-30,-0.0814296903104515,-0.055320549537027,-0.1164592126224128,-0.1483779973781268,-0.0112516415022906,-0.1079166900712936,-0.0276574590082919,-0.1718323975553189,-0.0002444446141977,-0.0548083814308936,-0.0824603414730095,28.709999084472656,0.0014221565206407
2022-07-31,0.1886336287045844,0.0930963942469766,0.2705959712975005,0.0334823398644181,-0.01684401644674,0.131831069606394,-0.0276668927791517,0.1167534350779926,0.0200284836689628,0.086116155875614,0.0920875810649346,21.32999992370605,0.0019864852944315
2022-08-31,-0.031208039440661,-0.0666629777829959,-0.0606150462405203,-0.0141295982402379,-0.069310003687574,-0.0042426275232291,-0.0069831598079937,-0.0682974261198015,-0.0383354358664097,0.0081581527027128,-0.0408021538804888,25.8700008392334,0.002433821722253
2022-09-30,-0.1209770041298742,-0.1092669574439796,-0.1086218900978376,-0.0811572175242671,0.0125203420897672,-0.0866199426626571,-0.0847470171783232,-0.111688607213257,-0.0855869220291067,-0.0215011744494455,-0.0924459286715577,31.6200008392334,0.0027335263083605
2022-10-31,0.1095515050299369,-0.0033059384723125,-0.0934513058282632,0.2153708181792295,0.0649483786777094,0.2691558020908009,0.0742634466449665,0.3280618943593358,0.0683681168238514,0.0973784357090634,0.0812756376945216,25.8799991607666,0.0034504276924163
2022-11-30,-0.0330274402835915,0.1022228103874651,-0.0575947030970991,0.0977120695747617,0.0297689838616361,0.0128716917301148,0.1075965304866799,0.09216470427526,0.0703616255937962,0.0708915815758353,0.0555915901934904,20.57999992370605,0.0035707008042658
2022-12-31,-0.1222728036250739,-0.0600453634910255,-0.1298943525647971,-0.0295266275899726,-0.0075842428841582,-0.0093406594675743,0.0160899878804505,0.0133241483820272,0.0,-0.0662347566538841,-0.0576282380891186,21.670000076293945,0.0036107566318024
2023-01-31,0.1105213532098905,0.0333167776811487,0.2277380625406901,0.051408225380674,-0.0748937636736155,0.0517679752871909,-0.0546750574566918,0.0581617168124892,-0.0360005578883301,0.0146696689503185,0.0628873028387415,19.399999618530277,0.0038347448817659
2023-02-28,0.0231828376154046,0.0090178982491848,-0.0862987892321446,0.0242211216453391,-0.0554259824586605,-0.0452913704683505,-0.0338532687583087,-0.0504973725877142,-0.0295173399124285,-0.012094289133728,-0.0251428105704437,20.700000762939453,0.0039784475501516
2023-03-31,0.1186487197578811,0.155881591865505,0.0961476943206232,-0.0909661754421269,0.0113531984652175,-0.0022747449822712,0.0809101223377863,-0.0447088069016189,0.0503412266243143,0.0416828915307048,0.0370780245350446,18.700000762939453,0.0039545128129423
2023-04-30,0.0289872136255082,0.0657646254198014,0.0209119567583442,0.0691805801522376,0.056129184525659,0.0791538537385589,0.0583031853803635,-0.0386834415736141,0.0341769100922935,0.023872244120221,0.0159749177931758,15.779999732971191,0.0041537774426925
2023-05-31,0.0460584127526098,0.0711057347288603,0.1434803728845883,-0.0183015962884532,-0.0456326749774145,-0.1290632091255759,-0.0887580868167408,-0.0596437112990888,-0.0699922221119779,-0.0234620329348819,0.0046161241069049,17.940000534057617,0.0044875659696987
2023-06-30,0.0943298258415805,0.0369987244049798,0.08110796675057,0.0716970115799622,0.067457536274148,0.0496182957225299,0.0648420990767628,0.1958688379004773,0.0170740080110989,0.0701979987109338,0.0647997917538703,13.59000015258789,0.0044161425104838
2023-07-31,0.0127856331082318,-0.0135667871400544,0.0254678739635265,0.0935423140045246,0.0121437487390616,-9.318669234270605e-05,0.0365412582021429,0.0830450204872597,0.0283958987030807,0.0170507045213805,0.032733329717433,13.630000114440918,0.0045113613804723
2023-08-31,-0.0423838473369552,-0.0222256197249585,0.0323907994336623,-0.0736261701955091,-0.0279122989803871,0.0453325120605434,-0.0125399268032377,0.0601876251839401,-0.0339093735612142,0.0208185466107575,-0.0162520115990999,13.56999969482422,0.0045192918063745
2023-09-30,-0.0886783658735395,-0.0366426529797782,-0.078907268992859,-0.0089522598864392,-0.0366771876091102,0.0574692987379432,-0.0549435900179207,-0.0289189713089529,-0.0569256982039939,-0.016481132203295,-0.0474346096980081,17.520000457763672,0.0045113613804723
2023-10-31,-0.0025698497816666,0.0708153025503757,0.0469634476268063,-0.0340222523696109,-0.0475764199789157,-0.0997619650162495,0.0350810339983014,-0.1676994919241297,0.0091104182574648,0.0217595162521921,-0.0217085168134691,18.13999938964844,0.0045430789527656
2023-11-30,0.113780035130566,0.1229455469028111,0.0976782655173829,0.1223932095719353,0.0509542098753432,-0.020505413096812,0.0232621728073372,0.1091351473609365,0.0427568287191868,-0.047243139004277,0.0913438546150167,12.920000076293944,0.0044320192189413
2023-12-31,0.0135825786010823,-0.007574377957946,0.0400438513940761,0.0898257462689275,0.0134487488322405,-0.0268639271534421,-0.0454663709205397,0.1792835211946193,0.008384628562281,0.0163499025968079,0.0456552543400703,12.449999809265137,0.0043923222705009
2024-01-31,-0.0422271760946002,0.0572811967671667,0.0214558013324577,0.0313648254016569,0.0137808969461474,0.0283055513753758,0.0791074396563915,0.0203989369649519,0.0095029245871043,0.0482079338231549,0.0159265209635375,14.350000381469728,0.0044082031209211
2024-02-29,-0.0185430795276666,0.0423182226111753,0.1389175127740745,0.0671023992870969,0.0233184598116051,0.0260808601647681,0.0114546646936866,0.1120508493594234,0.0089090246877177,0.0640243057819784,0.0521868288629547,13.399999618530272,0.0044320192189413
2024-03-31,-0.0512863751556594,0.0171162886790805,0.0204798058863742,0.0765346048075097,-0.0197669245521135,0.112131737438861,0.0208253674088694,0.0972274384328004,0.0274801112701514,0.0301131274297015,0.0327018984256957,13.010000228881836,0.004439956538087
2024-04-30,-0.0067063539181715,-0.0746100261086044,-0.029825949313549,-0.0371520629544283,-0.0859727766355893,0.0174637397708534,0.0123502585918304,-0.0836190388200743,0.0096437023511875,-0.0136281164266106,-0.0403195113451764,15.649999618530272,0.004439956538087
2024-05-31,0.1302223635767914,0.0681908601035607,0.0082285853794643,0.0567956994644842,0.0225852975329321,-0.0004866715671789,0.0082105602779674,0.0118064142332581,0.0187794290032337,0.1118385148750995,0.0505797220346069,12.920000076293944,0.004439956538087
2024-06-30,0.0955526092300931,0.0766506972891631,0.0952731655293201,-0.0018260397865688,-0.003477120144251,-0.0182498987170501,0.0023096091299668,-0.0160109232734119,0.0192893683924748,0.0296535574470973,0.0352800925183069,12.4399995803833,0.0044558291068397
2024-07-31,0.0544107935890794,-0.0639893662912096,-0.0324450415133813,0.0579410740817212,0.0799808891622235,0.0301423640847011,-0.0193618668969643,0.0435602662334226,0.0485468627724734,0.0137348743169924,0.0121091149809111,16.360000610351562,0.0044002630409687
2024-08-31,0.0323534862918337,-0.0010949597914582,-0.0453524222981363,0.0563908608729302,0.058719582477084,0.0025256772145498,0.0670567811875482,0.0285961823207994,0.0858553848050605,0.1283528019155082,0.0233655089990985,15.0,0.0042413162664582
2024-09-30,0.0174672964398483,0.0315480912959345,0.0438655564764969,-0.0620105500964073,-0.0229106519074508,-0.006104834830184,0.0096769762882864,0.0983432116387592,-0.0016193266462523,0.0455782369585835,0.0210046668293104,16.729999542236328,0.0038587110455146
2024-10-31,-0.030429211451309,-0.0556587375485612,0.0003756349741956,0.0589012010210443,-0.01357541380623,-0.0037537129131847,-0.0406976668502152,-0.0346911948071453,-0.0911495688984099,0.0148605991037724,-0.0089236473288767,23.15999984741211,0.0037867936638156
2024-11-30,0.0517070215147152,0.0441923461600402,0.1152897328156477,0.1252703956683427,-0.0225586789242346,0.0184047288005742,0.0852403475171992,0.0795056475573592,-0.0113913998311284,0.1287370440093715,0.0596334254859591,13.510000228881836,0.0037388172355212
2024-12-31,0.0551552947881048,-0.0046285135158982,0.0553177162622697,-0.0400848626756107,-0.0670279413446659,-0.0880808406725369,-0.0647661234731445,-0.1067445976425923,-0.0284019934906302,-0.0210791649002038,-0.0240600695408207,17.350000381469727,0.0035707008042658
2025-01-31,-0.0575832892149563,-0.0152788475951197,0.083367488659539,0.1208564757450252,0.0520673590920746,-0.0068790584309731,-0.0038643017364146,0.0276815158195433,0.0195952555383045,0.0864416596276897,0.0268563458832709,16.43000030517578,0.0035226105855981
2025-02-28,0.025872375011112,-0.0416180569148678,-0.1068663525715117,-0.0099138914703149,0.0932695394601537,0.051444372859486,0.0472920114798833,-0.0740092375794886,0.1217705768977464,0.0045842367987436,-0.012694839644185,19.6299991607666,0.0035306273826369
2025-03-31,-0.0815001608967609,-0.0544093291056747,-0.1037309421475675,-0.073115488242731,0.0049690123773651,0.0682656205084464,-0.0196733632001289,-0.0411398362228935,0.0131797071943706,-0.1072803463827017,-0.0557191077762873,22.280000686645508,0.0035306273826369
2025-04-30,-0.0433530204439031,0.0529316162139499,-0.0306948202801551,0.0033702345300985,-0.0574649462239587,-0.1118305471489102,-0.0401163603413045,-0.0577345383525014,0.0129852048559677,0.1077572159504871,-0.008670276875496,24.700000762939453,0.0035226105855981
2025-05-31,-0.053584119659583,0.1668398605924044,0.1116473080052216,0.0792251884837993,0.001475386923248,-0.0226052086240914,0.0450267448868066,0.1253273303900204,-0.0062027232126521,0.0175700184281872,0.0628450516589713,18.56999969482422,0.0035626875279843
2025-06-30,0.0215086835140603,0.0804805012689822,0.0701429455544568,0.0981436649905826,-0.0158496395312924,0.0537634019685169,-0.0622167005868061,0.1154497638939469,-0.011746995279635,-0.0095218716814287,0.0513861249933054,16.729999542236328,0.0036027468730472
2025-07-31,0.0116975509492764,0.0725558461078348,0.0670951331494358,0.026757209851034,0.078494296118555,0.0356214259773131,-0.0490898729436364,0.1324402560805109,-0.0404240476409879,0.0020454045667352,0.0230315486971079,16.719999313354492,0.0036027468730472
2025-08-31,0.1196389212281956,-0.0486917118745919,-0.0218273486695536,0.0174859306673027,0.0833460470813427,0.0332632481870263,0.0436631348191449,-0.0433313424710537,0.0162026355630793,-0.0078944235970738,0.0205194840443878,15.359999656677246,0.0034584508349766
2025-09-30,0.0968812605005537,0.0222226828637941,-0.041179007317822,0.0464798883560637,0.0465655471650063,-0.0134744491862063,-0.021586711678033,0.138674106469701,-0.0313289813120087,0.0626933405954646,0.0356204341852999,16.280000686645508,0.0032898164700365
2025-10-31,0.0618152335361179,-0.0002703764529621,0.1122648498166054,-0.0088685785998915,0.0186063468872974,0.014279377427169,-0.0145036491694091,0.2132840166329317,0.0389024808291031,-0.0182417288614875,0.0238373935763009,17.440000534057617,0.0031852673082803
2025-11-30,0.0323641042733342,-0.0480467906235132,-0.0450413559291534,0.0062998151320712,0.1025244375319058,0.0225070766868542,-0.0146970802518402,-0.0025984050435396,0.0612482337977213,0.0922118458519218,0.0019500049129079,16.350000381469727,0.0031772200986699
2025-12-31,-0.0206921178611655,-0.0092071962442026,-0.0029585903344253,0.0330267799477765,-4.8389978189455896e-05,0.0437370218210173,-0.0277402597511979,0.0028309646504314,-0.0349815876293402,0.014823502104462,0.0082676994822263,14.329999923706056,0.0030080644524299
