Date,AAPL,MSFT,AMZN,JPM,JNJ,XOM,PG,CAT,KO,WMT
2010-01-31,5.744443893432617,20.966567993164062,6.270500183105469,25.58350944519043,38.84999084472656,34.82600784301758,38.11668014526367,35.08099365234375,16.363693237304688,12.718753814697266
2010-02-28,6.120109081268311,21.430885314941406,5.920000076293945,27.574216842651367,39.23442459106445,35.36330795288086,39.188018798828125,38.31106948852539,15.902185440063477,12.871099472045898
2010-03-31,7.028761386871338,21.894332885742188,6.78849983215332,29.400680541992188,40.60451889038086,36.4405403137207,39.18183898925781,42.20597076416016,16.72569465637207,13.309910774230955
2010-04-30,7.809103965759277,22.82871437072754,6.855000019073486,28.00628471374512,40.04402923583984,36.87031936645508,38.79070281982422,46.01002502441406,16.25432777404785,12.840712547302246
2010-05-31,7.683185577392578,19.372577667236328,6.2729997634887695,26.0330867767334,36.6390380859375,33.11669921875,38.12297821044922,41.05698776245117,15.630924224853516,12.173717498779297
2010-06-30,7.523168563842773,17.27764129638672,5.4629998207092285,24.07961654663086,37.116676330566406,31.259843826293945,37.43028259277344,40.59074783325195,15.370611190795898,11.574179649353027
2010-07-31,7.69425630569458,19.38008689880371,5.894499778747559,26.52972984313965,36.50706481933594,32.689453125,38.4653549194336,47.44562530517578,16.900922775268555,12.32540512084961
2010-08-31,7.271032810211182,17.71704864501953,6.241499900817871,23.9478816986084,36.17257308959961,32.608924865722656,37.52825164794922,44.32339859008789,17.137073516845703,12.143051147460938
2010-09-30,8.486858367919922,18.487030029296875,7.853000164031982,25.06756591796875,39.30642318725586,34.08738708496094,37.71692657470703,53.5200309753418,18.0826473236084,12.961621284484863
2010-10-31,9.002202033996582,20.13267135620117,8.261500358581543,24.816320419311523,40.435638427734375,36.680213928222656,40.28843688964844,53.760101318359375,18.947853088378903,13.119047164916992
2010-11-30,9.30638313293457,19.18545150756836,8.770000457763672,24.66463851928711,39.3823356628418,38.61544799804688,38.70403289794922,57.86390686035156,19.65439796447754,13.09967041015625
2010-12-31,9.647650718688965,21.19817352294922,9.0,27.975238800048828,39.57428359985352,40.59173583984375,40.77009582519531,64.06068420410156,20.46333694458008,13.133153915405272
2011-01-31,10.148938179016112,21.061447143554688,8.482000350952148,29.671186447143555,38.243438720703125,44.78858184814453,40.30618667602539,66.66403198242188,19.55483055114746,13.654290199279783
2011-02-28,10.564377784729004,20.307323455810547,8.66450023651123,30.82659149169922,39.6674919128418,47.731231689453125,40.25508880615234,70.73216247558594,19.88774681091309,12.658285140991213
2011-03-31,10.423803329467772,19.39815902709961,9.006500244140625,30.43705368041992,38.25355529785156,46.949951171875,39.329345703125,76.5182876586914,20.79035377502441,12.764172554016112
2011-04-30,10.47225856781006,19.80308532714844,9.790499687194824,30.29013442993164,42.4307746887207,49.09850311279297,41.77989959716797,79.6385269165039,21.141355514526367,13.48269748687744
2011-05-31,10.403467178344728,19.233089447021484,9.834500312805176,28.703590393066406,43.82120513916016,46.845829010009766,43.13178253173828,73.00718688964844,20.937641143798828,13.631145477294922
2011-06-30,10.039766311645508,19.994409561157227,10.224499702453612,27.17680931091309,43.31977081298828,45.6728401184082,40.92371368408203,73.46257019042969,21.240747451782227,13.11769676208496
2011-07-31,11.679110527038574,21.071025848388672,11.12600040435791,27.016515731811523,42.19314956665039,44.7805061340332,39.90898132324219,68.4578857421875,21.468017578125,13.011552810668944
2011-08-31,11.510126113891602,20.58492851257324,10.761500358581545,25.086280822753903,43.23264694213867,41.81654357910156,41.33034896850586,63.059715270996094,22.23823356628418,13.22502326965332
2011-09-30,11.405142784118652,19.261613845825195,10.81149959564209,20.11711311340332,41.846317291259766,41.03127670288086,41.005836486816406,51.16843032836914,21.47142601013184,12.904282569885254
2011-10-31,12.106819152832031,20.608142852783203,10.67549991607666,23.4205379486084,42.30620956420898,44.11581802368164,41.870155334472656,65.8196792602539,21.712963104248047,14.10271453857422
2011-11-30,11.4314603805542,19.94464492797852,9.614500045776367,20.86690902709961,42.91767501831055,45.71418380737305,42.24966049194336,68.20275115966797,21.52176284790039,14.644744873046877
2011-12-31,12.11340045928955,20.24092483520508,8.654999732971191,22.403125762939453,43.487979888916016,48.16926574707031,43.64990615844727,63.130027770996094,22.398900985717773,14.951416015625
2012-01-31,13.65314769744873,23.024450302124023,9.722000122070312,25.312841415405277,43.70680618286133,47.58959197998047,41.57797622680664,76.37464904785156,21.6177978515625,15.351716995239258
2012-02-29,16.224180221557617,24.91050148010254,8.98449993133545,26.62938690185547,43.53761291503906,49.42717361450195,44.598724365234375,79.93720245361328,22.36369514465332,14.781279563903809
2012-03-31,17.932323455810547,25.3186092376709,10.125499725341797,31.203340530395508,44.12632369995117,49.55859375,44.32829666137695,74.55484771728516,23.865699768066406,15.414173126220703
2012-04-30,17.46662712097168,25.13025665283203,11.595000267028809,29.358383178710938,43.55099105834961,49.33573913574219,42.32876586914063,72.23441314697266,24.610593795776367,14.837403297424316
2012-05-31,17.279691696166992,23.059505462646484,10.645500183105469,22.6438045501709,42.171382904052734,45.23968124389648,41.43084335327149,61.58590698242188,24.097875595092773,16.69028663635254
2012-06-30,17.46722412109375,24.16548156738281,11.417499542236328,24.40611267089844,45.63669204711914,49.23260116577149,40.73910903930664,59.68108367919922,25.385766983032227,17.67922592163086
2012-07-31,18.26760673522949,23.280704498291016,11.664999961853027,24.795581817626957,46.75800704956055,49.96903991699219,43.299747467041016,59.56723403930664,26.2331485748291,18.87356948852539
2012-08-31,19.982511520385746,24.508464813232425,12.41349983215332,25.580772399902344,45.9627571105957,50.55436706542969,45.07764053344727,60.35948944091797,24.28514862060547,18.509090423583984
2012-09-30,20.03837776184082,23.6655330657959,12.715999603271484,27.88123893737793,46.97159194946289,52.95757675170898,46.533470153808594,60.86173248291016,24.796707153320312,18.815025329589844
2012-10-31,17.882251739501953,22.695375442504883,11.64449977874756,28.9197940826416,48.27352142333984,52.79544448852539,46.83444213867188,60.35391616821289,24.30638694763184,19.12605857849121
2012-11-30,17.660961151123047,21.342514038085938,12.602499961853027,28.50348472595215,47.95085906982422,51.360347747802734,47.233516693115234,60.6599235534668,24.96025657653809,18.36122703552246
2012-12-31,16.05835723876953,21.414669036865234,12.543499946594238,30.50872230529785,48.20528030395508,50.433860778808594,45.921295166015625,64.13713836669922,23.861011505126957,17.49150848388672
2013-01-31,13.74452018737793,22.007970809936523,13.274999618530272,32.87004470825195,50.83219146728516,52.42675018310547,51.25094985961914,70.42131042480469,24.51267433166504,17.932443618774414
2013-02-28,13.396978378295898,22.47311019897461,13.213500022888184,34.17647171020508,52.75682067871094,52.51537704467773,51.94646072387695,66.1125717163086,25.486854553222656,18.145225524902344
2013-03-31,13.435220718383787,23.12790870666504,13.32450008392334,33.15647506713867,56.51375579833984,52.84376525878906,52.54652404785156,62.247589111328125,26.811702728271484,19.3072509765625
2013-04-30,13.43886375427246,26.757553100585938,12.690500259399414,34.45341110229492,59.07847595214844,52.18695068359375,52.733375549316406,60.99068832397461,28.064769744873047,20.05291557312012
2013-05-31,13.740152359008787,28.410480499267575,13.460000038146973,38.37610626220703,58.78929901123047,53.4218864440918,52.726524353027344,61.804664611816406,26.513355255126957,19.425649642944336
2013-06-30,12.114788055419922,28.11741828918457,13.884499549865724,37.110721588134766,59.96256637573242,53.351051330566406,52.88452911376953,59.42036056518555,26.77671241760254,19.33480262756348
2013-07-31,13.825697898864746,25.91947555541992,15.060999870300291,39.46319580078125,65.29813385009766,55.358734130859375,55.57132339477539,60.13922882080078,26.756689071655277,20.23029518127441
2013-08-31,14.983835220336914,27.381000518798828,14.048999786376951,35.7809944152832,60.80131149291992,51.8231086730957,53.90351104736328,59.87085723876953,25.48828125,19.057886123657227
2013-09-30,14.661843299865724,27.282615661621094,15.631999969482422,36.60240936279297,60.99834060668945,51.15717697143555,52.311805725097656,60.49467086791992,25.4719181060791,19.313804626464844
2013-10-31,16.074968338012695,29.028772354125977,18.201499938964844,36.765079498291016,65.16386413574219,53.28575134277344,56.31966018676758,60.88912582397461,26.60832977294922,20.042383193969727
2013-11-30,17.201074600219727,31.49566650390625,19.68099975585937,40.81680679321289,67.0713119506836,55.95900344848633,58.73982238769531,61.79483795166016,27.21456718444824,21.154834747314453
2013-12-31,17.35419464111328,30.90094757080078,19.93950080871582,41.715599060058594,64.89608764648438,60.58036422729492,56.77995681762695,66.33086395263672,27.972976684570312,20.668611526489254
2014-01-31,15.485199928283691,31.256126403808597,17.934499740600586,39.74827194213867,62.68540191650391,55.16881942749024,53.84342193603516,69.04350280761719,25.609731674194336,19.61534881591797
2014-02-28,16.375774383544922,31.88164710998535,18.104999542236328,40.79655838012695,65.74127960205078,58.03730392456055,55.27699661254883,71.2932357788086,25.867048263549805,19.620603561401367
2014-03-31,16.7025146484375,34.111934661865234,16.818500518798828,43.58955383300781,70.1016845703125,58.88733673095703,56.64029693603516,73.0577392578125,26.38595199584961,20.204513549804688
2014-04-30,18.36268615722656,33.62092971801758,15.206500053405762,40.4467658996582,72.28541564941406,61.7388801574707,58.47410583496094,77.94734954833984,27.83970069885254,21.071605682373047
2014-05-31,19.80799865722656,34.310699462890625,15.6274995803833,40.15053939819336,72.911376953125,61.0169563293457,57.22740936279297,75.60298156738281,27.921606063842773,20.4200439453125
2014-06-30,20.355926513671875,34.94761276245117,16.23900032043457,41.6317024230957,75.1822509765625,61.108009338378906,55.669044494628906,80.3656234741211,29.12867927551269,19.96785545349121
2014-07-31,20.94078254699707,36.171199798583984,15.649499893188477,41.959102630615234,71.9268569946289,60.051902770996094,55.20696258544922,74.97962951660156,27.01760482788086,19.5715389251709
2014-08-31,22.563873291015625,38.31144332885742,16.95199966430664,43.254188537597656,75.04686737060547,60.78803253173828,59.34105682373047,81.17150115966797,28.688587188720703,20.214542388916016
2014-09-30,22.17862892150879,39.09572219848633,16.121999740600586,43.8289794921875,77.11602020263672,57.4815673828125,59.7908821105957,73.69955444335938,29.54869079589844,20.47424697875977
2014-10-31,23.77461624145508,39.59325408935547,15.27299976348877,44.300048828125,77.97698974609375,59.10729217529297,62.78923797607422,76.04573059082031,29.0084171295166,20.420700073242188
2014-11-30,26.29422378540039,40.57280349731445,16.93199920654297,44.06567001342773,78.82705688476562,55.73585891723633,65.06282043457031,75.43831634521484,31.26637840270996,23.438156127929688
2014-12-31,24.403902053833008,39.41867065429688,15.517499923706056,45.8382568359375,76.14732360839844,56.91162872314453,65.53766632080078,68.63687896728516,29.4460506439209,23.122167587280277
2015-01-31,25.902894973754883,34.28448486328125,17.726499557495117,40.08820724487305,72.92141723632812,53.81520080566406,61.076507568359375,60.4599494934082,28.713735580444336,22.87985038757324
2015-02-28,28.5132999420166,37.47707748413086,19.007999420166016,45.17478561401367,75.16978454589844,54.91489791870117,61.685176849365234,62.67510986328125,30.19928932189941,22.597143173217773
2015-03-31,27.61878967285156,34.75069046020508,18.604999542236328,44.65876007080078,73.76917266845703,52.71931457519531,59.37371063232422,60.50529479980469,28.51599884033203,22.277841567993164
2015-04-30,27.77859306335449,41.570919036865234,21.089000701904297,46.94438171386719,72.74256896972656,54.189266204833984,58.07632827758789,66.2284927368164,28.52303695678711,21.14023780822754
2015-05-31,29.03805923461914,40.30988693237305,21.46150016784668,48.81443405151367,73.96734619140625,53.280399322509766,57.258262634277344,65.0393295288086,28.804319381713867,20.243370056152344
2015-06-30,27.957046508789062,37.97869110107422,21.704500198364254,50.28377532958984,71.9877700805664,52.02970504760742,57.14868927001953,64.65817260742188,27.815336227416992,19.333009719848636
2015-07-31,27.03650665283203,40.1722412109375,26.8075008392334,51.18757247924805,74.01904296875,49.53453826904297,56.48258590698242,60.49300003051758,29.127037048339844,19.61920166015625
2015-08-31,25.246789932250977,37.68361282348633,25.644500732421875,47.87863540649414,69.9483642578125,47.492095947265625,52.04204559326172,58.80816268920898,27.87913703918457,17.763574600219727
2015-09-30,24.69600296020508,38.32437515258789,25.59449958801269,45.54073333740234,69.4794692993164,46.93034362792969,52.97729110717773,50.28389739990234,28.692813873291016,17.793766021728516
2015-10-31,26.7558708190918,45.5805549621582,31.295000076293945,48.336952209472656,75.19559478759766,52.22616195678711,56.7524642944336,56.7814826965332,30.287660598754883,15.708130836486816
2015-11-30,26.600566864013672,47.378448486328125,33.2400016784668,50.16510009765625,75.90736389160156,51.993797302246094,55.608192443847656,56.51701736450195,30.714506149291992,16.147207260131836
2015-12-31,23.668434143066406,48.36349868774414,33.79449844360352,49.67609024047852,77.01705932617188,49.631614685058594,59.003849029541016,52.86847305297852,30.95953369140625,16.963199615478516
2016-01-31,21.887563705444336,48.02352523803711,29.350000381469727,45.06368637084961,78.30664825439453,49.56793594360352,61.22699737548828,49.02490615844727,30.930702209472656,18.363426208496094
2016-02-29,21.8593864440918,44.6719970703125,27.625999450683597,42.64009475708008,79.45567321777344,51.49554443359375,60.17769241333008,53.32562255859375,31.082054138183597,18.35788917541504
2016-03-31,24.6401309967041,48.49123764038086,29.68199920654297,44.85163497924805,81.71372985839844,53.70570373535156,61.691680908203125,60.28868103027344,33.69212341308594,19.093156814575195
2016-04-30,21.192459106445312,43.78522872924805,32.97949981689453,48.22035598754883,84.64396667480469,56.796085357666016,60.54217529296875,61.815059661865234,32.53733825683594,18.641550064086918
2016-05-31,22.7135009765625,46.85880661010742,36.13949966430664,49.79971694946289,85.7122573852539,57.67512130737305,61.23735809326172,57.67122650146485,32.39208221435547,19.876012802124023
2016-06-30,21.74455070495605,45.24085998535156,35.78099822998047,47.41160202026367,92.26104736328124,60.73315048217773,63.98036193847656,60.2959098815918,33.17473602294922,20.505037307739254
2016-07-31,23.702926635742188,50.11240005493164,37.94049835205078,49.18780517578125,95.25019073486328,57.629764556884766,65.182373046875,66.4577407836914,31.930587768554688,20.491003036499023
2016-08-31,24.2635440826416,51.1186408996582,38.45800018310547,51.902076721191406,91.37580871582033,56.93853378295898,66.49226379394531,65.80729675292969,31.78421401977539,20.198686599731445
2016-09-30,25.852916717529297,51.243194580078125,41.865501403808594,51.20237350463867,90.44932556152344,57.02999114990234,68.35047912597656,71.28389739990234,31.22490692138672,20.390945434570312
2016-10-31,25.96497344970703,53.307159423828125,39.49100112915039,53.64250183105469,88.81078338623047,54.44247817993164,66.61424255371094,67.61145782470703,31.283933639526367,19.797203063964844
2016-11-30,25.40410041809082,53.971805572509766,37.52849960327149,62.09239196777344,85.80865478515625,57.54816818237305,63.28351211547852,77.41373443603516,30.023067474365234,19.91312789916992
2016-12-31,26.62235641479492,55.65561294555664,37.493499755859375,66.8324203491211,88.82315826416016,59.4993896484375,64.52678680419922,75.1292495727539,30.84899139404297,19.68261337280273
2017-01-31,27.893482208251957,57.90368270874024,41.17399978637695,65.90939331054688,87.31205749511719,55.3003044128418,67.76100158691406,78.13775634765625,30.930831909179688,19.004880905151367
2017-02-28,31.62500762939453,57.65101623535156,42.25199890136719,70.57440185546875,94.84337615966795,54.09634399414063,70.44511413574219,78.95458221435547,31.22101593017578,20.198017120361328
2017-03-31,33.16482162475586,59.34504699707031,44.32699966430664,68.40933227539062,96.6593780517578,54.55533981323242,69.50142669677734,75.76895141601562,31.85688591003418,20.676424026489254
2017-04-30,33.16251373291016,61.6878547668457,46.2495002746582,68.14447021484375,95.82121276855467,54.31586837768555,68.06939697265625,84.2226333618164,32.38984680175781,21.56566619873047
2017-05-31,35.41117858886719,63.29207992553711,49.73099899291992,64.3456039428711,100.19084930419922,54.05653381347656,68.66175842285156,86.83351135253906,34.131317138671875,22.69758415222168
2017-06-30,33.38516616821289,62.467376708984375,48.400001525878906,71.5908432006836,103.3469467163086,54.21099472045898,67.92909240722656,88.50542449951172,33.9429817199707,21.854366302490234
2017-07-31,34.47698211669922,65.8839111328125,49.38899993896485,72.2996826171875,103.68289947509766,53.747657775878906,71.34505462646484,94.52810668945312,34.69220733642578,23.09898567199707
2017-08-31,38.16600799560547,68.120849609375,49.02999877929688,71.58296203613281,104.0672836303711,51.753173828125,72.484130859375,97.4647445678711,34.472747802734375,22.68634033203125
2017-09-30,35.86672592163086,67.86575317382812,48.067501068115234,75.22158813476562,102.2118911743164,55.583984375,71.47073364257812,103.4541473388672,34.33510971069336,22.70668601989746
2017-10-31,39.33890914916992,75.78296661376953,55.26399993896485,79.70142364501953,109.60202026367188,56.51287460327149,68.333984375,113.32588958740234,35.0750617980957,25.37139129638672
2017-11-30,40.13661956787109,77.0700454711914,58.837501525878906,82.798828125,110.20993041992188,56.99482345581055,71.22277069091797,117.7905044555664,35.20111083984375,28.25404930114746
2017-12-31,39.52470397949219,78.32447814941406,58.4734992980957,84.71592712402344,110.51839447021484,57.23430633544922,72.7186050415039,131.50144958496094,35.28571319580078,28.84697723388672
2018-01-31,39.10429000854492,86.99568176269531,72.54450225830078,92.10902404785156,109.3081512451172,59.73885726928711,68.85491943359375,136.47134399414062,36.60086441040039,31.140125274658203
2018-02-28,41.770633697509766,86.26359558105469,75.62249755859375,91.97362518310548,103.39282989501952,52.35837936401367,62.61857604980469,129.6385498046875,33.23994064331055,26.293832778930664
2018-03-31,39.3458251953125,83.96371459960938,72.36699676513672,87.57006072998047,102.01563262939452,51.57720565795898,63.22465133666992,123.56031036376952,33.6962890625,26.144981384277344
2018-04-30,38.75485610961914,86.03361511230469,78.30650329589844,87.06171417236328,100.69415283203124,53.74787902832031,58.22394943237305,121.63776397705078,33.52560806274414,25.99510955810547
2018-05-31,43.99156188964844,91.32186126708984,81.48100280761719,85.64509582519531,95.93145751953124,56.729713439941406,58.8919792175293,127.9994125366211,33.362674713134766,24.40825080871582
2018-06-30,43.577239990234375,91.10933685302734,84.98999786376953,83.39612579345703,97.31085968017578,57.77020263671875,62.82778930664063,114.31562042236328,34.333011627197266,25.327917098999023
2018-07-31,44.796669006347656,98.01114654541016,88.87200164794922,92.49981689453124,106.2768096923828,56.918270111083984,65.68832397460938,121.90885162353516,36.50132751464844,26.38657569885254
2018-08-31,53.77492904663086,104.18517303466795,100.635498046875,92.20207977294922,108.7369613647461,56.55997467041016,67.36949157714844,117.71238708496094,34.88877487182617,28.51181030273437
2018-09-30,53.32842254638672,106.07723236083984,100.1500015258789,90.80188751220705,111.5464096069336,59.98164749145508,67.596923828125,129.2759552001953,36.46444320678711,27.931812286376957
2018-10-31,51.70310974121094,99.06539916992188,79.90049743652344,88.34229278564453,113.01570892333984,56.21428680419922,72.65965270996094,103.50651550292967,37.79861831665039,29.826459884643555
2018-11-30,42.33463287353516,103.29387664794922,84.50849914550781,90.1007308959961,119.3494644165039,56.6558723449707,77.43644714355469,115.74954986572266,40.102630615234375,29.044204711914062
2018-12-31,37.39424133300781,94.6123046875,75.09850311279297,79.10452270507812,104.84716796875,48.59577178955078,75.31433868408203,108.41226196289062,37.67578506469727,27.856956481933597
2019-01-31,39.45669174194336,97.27640533447266,85.9365005493164,84.5503921508789,108.1213607788086,52.22317123413086,79.66752624511719,114.33893585205078,38.29642868041992,28.658428192138672
2019-02-28,41.22342300415039,104.80145263671876,81.99150085449219,85.25291442871094,111.74996185302734,56.946197509765625,81.38521575927734,117.92815399169922,36.07645797729492,29.60343360900879
2019-03-31,45.22315979003906,110.33011627197266,89.0374984741211,82.69598388671875,114.32616424560548,58.22159576416016,85.92729949951172,116.339599609375,37.61139678955078,29.323753356933597
2019-04-30,47.77536010742188,122.17328643798828,96.32599639892578,95.52802276611328,115.47931671142578,57.84690856933594,88.55481719970703,120.43980407714844,39.3771858215332,30.92028045654297
2019-05-31,41.84104919433594,116.12803649902344,88.75350189208984,87.22230529785156,107.99392700195312,51.578861236572266,85.58580017089844,103.49943542480467,39.43337631225586,30.6613712310791
2019-06-30,47.30209732055664,125.78035736083984,94.68150329589844,92.02957153320312,114.68846893310548,55.84977340698242,91.19116973876952,117.73587799072266,41.18914031982422,33.39683532714844
2019-07-31,50.91573333740234,127.94927978515624,93.33899688720705,96.16289520263672,107.22813415527344,54.1953239440918,98.80453491210938,114.62005615234376,42.572357177734375,33.36357879638672
2019-08-31,50.07759475708008,129.8732147216797,88.81449890136719,91.07289123535156,106.48853302001952,50.53043746948242,100.63764190673828,103.59068298339844,44.52179718017578,34.70636749267578
2019-09-30,53.73133087158203,130.9754638671875,86.79550170898438,97.56388092041016,107.3347396850586,52.10212326049805,104.11136627197266,109.9541244506836,44.35841369628906,36.04893493652344
2019-10-31,59.67855453491211,135.06399536132812,88.83300018310547,104.38704681396484,109.54151916503906,49.85895538330078,104.88591766357422,120.89920043945312,44.350284576416016,35.617610931396484
2019-11-30,64.3069076538086,143.0952606201172,90.04000091552734,110.1027603149414,114.8531494140625,50.87843322753906,102.8220672607422,126.97923278808594,43.83604049682617,36.173465728759766
2019-12-31,70.65935516357422,149.0693359375,92.39199829101562,116.48699951171876,121.8534164428711,52.110633850097656,105.2144546508789,129.56739807128906,45.4367790222168,36.25945281982422
2020-01-31,74.47567749023438,160.91360473632812,100.43599700927734,111.3142318725586,124.35950469970705,46.390254974365234,105.60227966308594,116.0486068725586,47.940528869628906,34.93220138549805
2020-02-29,65.93318939208984,153.56179809570312,94.1875,97.64801788330078,113.0550765991211,38.966102600097656,95.95047760009766,109.766845703125,43.90990829467773,32.85440444946289
2020-03-31,61.33360290527344,149.48599243164062,97.48600006103516,75.71485137939453,110.2387924194336,28.76250267028809,93.21336364746094,102.52210998535156,36.64337539672852,34.82014846801758
2020-04-30,70.86322784423828,169.86489868164062,123.6999969482422,81.37061309814453,126.13609313964844,35.20130157470703,100.54850006103516,103.7665023803711,38.001461029052734,37.250396728515625
2020-05-31,76.89326477050781,174.1779327392578,122.11849975585938,82.68769836425781,125.91851806640624,35.11163330078125,98.8850555419922,107.1100616455078,38.65565490722656,38.18685150146485
2020-06-30,88.22628784179688,193.43492126464844,137.9409942626953,79.92605590820312,119.04479217529295,34.532493591308594,101.99867248535156,112.78965759277344,37.33559799194336,36.86942672729492
2020-07-31,102.79524993896484,194.86065673828125,158.23399353027344,82.9185791015625,123.38741302490234,32.493900299072266,112.5571517944336,119.3655242919922,39.47479248046875,39.83056640625
2020-08-31,125.05753326416016,214.8829803466797,172.54800415039062,85.96456146240234,130.72752380371094,31.449831008911133,118.74644470214844,127.83643341064452,41.38835525512695,42.91507339477539
2020-09-30,112.23583221435548,200.40054321289065,157.43649291992188,82.60111236572266,126.86734771728516,27.03237533569336,119.31298828125,133.9807586669922,41.58860778808594,43.24268341064453
2020-10-31,105.5003433227539,192.91165161132807,151.8074951171875,84.90038299560547,116.83760833740234,25.685871124267575,118.34403228759766,141.9390106201172,40.485084533691406,42.884159088134766
2020-11-30,115.57491302490234,204.49801635742188,158.40199279785156,102.08136749267578,124.14498901367188,30.74898147583008,119.87188720703124,156.88758850097656,43.80794143676758,47.22357940673828
2020-12-31,128.81675720214844,212.474609375,162.84649658203125,110.0396957397461,135.04246520996094,33.24083709716797,120.10498809814452,164.50650024414062,46.55868148803711,44.71602249145508
2021-01-31,128.10806274414062,221.58807373046875,160.30999755859375,112.22769927978516,139.97634887695312,36.16009140014648,111.33777618408205,166.12677001953125,40.878936767578125,43.58068084716797
2021-02-28,117.89630889892578,222.5005645751953,154.64649963378906,128.3636474609375,136.81707763671875,44.58990859985352,107.273681640625,196.14659118652344,41.59208679199219,40.30181121826172
2021-03-31,118.76160430908205,225.7464141845703,154.70399475097656,132.77706909179688,141.90255737304688,45.787296295166016,117.6076431274414,210.6749725341797,45.12281036376953,42.31103515625
2021-04-30,127.8133773803711,241.4587860107422,173.37100219726562,134.94529724121094,140.5037841796875,46.943660736083984,116.60342407226562,208.195556640625,46.20998764038086,43.58196258544922
2021-05-31,121.3591766357422,239.61705017089844,161.15350341796875,144.09603881835938,147.04501342773438,48.56777191162109,117.85321807861328,220.0332489013672,47.33143615722656,44.41608047485352
2021-06-30,133.38697814941406,259.9818420410156,172.00799560546875,136.46310424804688,143.12672424316406,52.48681640625,117.92310333251952,198.6304626464844,46.670318603515625,44.10023880004883
2021-07-31,142.05482482910156,273.4272155761719,166.37950134277344,133.9315948486328,149.6079864501953,47.90211868286133,125.08480072021484,189.71299743652344,49.1888427734375,44.57869720458984
2021-08-31,148.09059143066406,290.26788330078125,173.5395050048828,141.1409149169922,151.309814453125,46.05093383789063,125.22547912597656,193.49349975585935,48.56784057617188,46.4847526550293
2021-09-30,138.0150146484375,271.07568359375,164.2519989013672,144.4411163330078,141.14561462402344,49.6829719543457,122.94770050048828,176.15090942382812,45.59735870361328,43.74776077270508
2021-10-31,146.11058044433594,318.86395263671875,168.6215057373047,150.8153533935547,142.35166931152344,54.45531463623047,126.53274536132812,188.2324066162109,48.98652267456055,46.8990592956543
2021-11-30,161.46412658691406,318.4550476074219,175.35350036621094,140.99713134765625,137.1702117919922,51.22381210327149,127.93975067138672,178.39682006835938,45.93344497680664,44.14010620117188
2021-12-31,173.44944763183594,323.9747619628906,166.7169952392578,140.571044921875,150.48875427246094,52.379432678222656,144.75296020507812,190.75128173828125,51.85356140136719,45.59729766845703
2022-01-31,170.72418212890625,299.5648193359375,149.57350158691406,132.70645141601562,151.5619659423828,65.02274322509766,142.74984741210938,186.87423706054688,53.42991638183594,44.05941390991211
2022-02-28,161.49380493164062,288.41748046875,153.56300354003906,126.63377380371094,145.70005798339844,67.8727035522461,138.69287109375,173.9128875732422,54.50709915161133,42.59402847290039
2022-03-31,170.77542114257812,297.60699462890625,162.99749755859375,121.7398681640625,156.90846252441406,71.48185729980469,135.9437713623047,206.5852203369141,54.71255493164063,47.11183166503906
2022-04-30,154.1878662109375,267.8858642578125,124.28150177001952,107.3839340209961,159.76808166503906,73.78411102294922,143.6402130126953,196.13609313964844,57.01577377319336,48.3994026184082
2022-05-31,145.7852325439453,263.0432434082031,120.20950317382812,118.9626235961914,159.96607971191406,83.93934631347656,132.3046417236328,201.0827789306641,55.93035888671875,40.84087753295898
2022-06-30,133.9139862060547,248.49154663085935,106.20999908447266,101.31118774414062,158.16619873046875,74.88088989257812,128.6454315185547,166.53024291992188,55.91668701171875,38.60245513916016
2022-07-31,159.17466735839844,271.6252136230469,134.9499969482422,104.7033233642578,155.50204467773438,84.75251770019531,125.08621215820312,185.9732208251953,57.03661346435547,41.92675018310547
2022-08-31,154.20713806152344,253.5178680419922,126.7699966430664,103.22390747070312,144.7241973876953,84.3929443359375,124.21271514892578,173.271728515625,54.85009002685547,42.26879501342773
2022-09-30,135.55162048339844,225.81674194335935,113.0,94.84654235839844,146.53619384765625,77.08283233642578,113.6860580444336,153.91925048828125,50.1556396484375,41.35996627807617
2022-10-31,150.40150451660156,225.07020568847656,102.44000244140624,115.27371978759766,156.05348205566406,97.8301239013672,122.12877655029295,204.41429138183597,53.58468627929688,45.38753509521485
2022-11-30,145.4341278076172,248.0775146484375,96.54000091552734,126.537353515625,160.69903564453125,99.08936309814452,135.2694091796875,223.2540740966797,57.3549919128418,48.60512924194336
2022-12-31,127.6514892578125,233.18161010742188,84.0,122.80113220214844,159.48025512695312,98.16380310058594,137.44589233398438,226.22874450683597,57.3549919128418,45.385780334472656
2023-01-31,141.75970458984375,240.95046997070312,103.12999725341795,129.11412048339844,147.5361785888672,103.24554443359376,129.9310302734375,239.3865966796875,55.29018020629883,46.05157470703125
2023-02-28,145.0460968017578,243.1233367919922,94.2300033569336,132.2414093017578,139.3588409423828,98.56941223144533,125.53244018554688,227.29820251464844,53.65816116333008,45.49461364746094
2023-03-31,162.25563049316406,281.02178955078125,103.29000091552734,120.2119140625,140.94100952148438,98.3451919555664,135.6892852783203,217.13597106933597,56.35937881469727,47.390960693359375
2023-04-30,166.95896911621094,299.5030822753906,105.4499969482422,128.5282440185547,148.85191345214844,106.1295928955078,143.60040283203125,208.7364044189453,58.28556823730469,48.52228927612305
2023-05-31,174.64883422851562,320.7994689941406,120.58000183105467,126.17597198486328,142.0594024658203,92.43216705322266,130.85470581054688,196.28659057617188,54.206031799316406,47.38385772705078
2023-06-30,191.12342834472656,332.66864013671875,130.36000061035156,135.222412109375,151.6423797607422,97.01849365234376,139.339599609375,234.73301696777344,55.13154602050781,50.71010971069336
2023-07-31,193.5670623779297,328.1553955078125,133.67999267578125,147.87142944335938,153.48388671875,97.00945281982422,144.43124389648438,254.22642517089844,56.69705581665039,51.57475280761719
2023-08-31,185.36294555664065,320.8619384765625,138.00999450683594,136.98422241210938,149.19979858398438,101.40713500976562,142.62008666992188,269.5277099609375,54.77449417114258,52.64846420288086
2023-09-30,168.92526245117188,309.1047058105469,127.12000274658205,135.75790405273438,143.72756958007812,107.23493194580078,134.78402709960938,261.7332458496094,51.65641784667969,51.780757904052734
2023-10-31,168.49114990234375,330.9940490722656,133.08999633789062,131.1391143798828,136.8895263671875,96.5369644165039,139.51239013671875,217.84071350097656,52.12702941894531,52.9074821472168
2023-11-30,187.66207885742188,371.6882934570313,146.08999633789062,147.1896514892578,143.8646240234375,94.55743408203124,142.75775146484375,241.6147918701172,54.35581588745117,50.40796661376953
2023-12-31,190.2110137939453,368.87298583984375,151.94000244140625,160.41107177734375,145.79942321777344,92.01725006103516,136.26707458496094,284.9323425292969,54.81156921386719,51.23213195800781
2024-01-31,182.17893981933597,390.0024719238281,155.1999969482422,165.4423370361328,147.8086700439453,94.6218490600586,147.04681396484375,290.7446594238281,55.33243942260742,53.701927185058594
2024-02-29,178.80078125,406.5066833496094,176.75999450683594,176.54391479492188,151.25534057617188,97.08966827392578,148.73118591308594,323.3228454589844,55.82539749145508,57.14015579223633
2024-03-31,169.6307373046875,413.4645690917969,180.3800048828125,190.05563354492188,148.26548767089844,107.97650146484376,151.8285675048828,354.7586975097656,57.3594856262207,58.86082458496094
2024-04-30,168.49313354492188,382.615966796875,175.0,182.9946746826172,135.51869201660156,109.86217498779295,153.7036895751953,325.0941162109375,57.91264343261719,58.05866241455078
2024-05-31,190.4347076416016,408.7068786621094,176.44000244140625,193.3879852294922,138.5794219970703,109.80870819091795,154.96568298339844,328.93231201171875,59.00020980834961,64.5518569946289
2024-06-30,208.63124084472656,440.0345458984375,193.25,193.03485107421875,138.09756469726562,107.8047103881836,155.32359313964844,323.6658020019531,60.13828659057617,66.46604919433594
2024-07-31,219.9830322265625,411.87701416015625,186.97999572753903,204.2194976806641,149.14273071289062,111.05419921875,152.3162384033203,337.7647705078125,63.05781173706055,67.37895202636719
2024-08-31,227.10025024414065,411.426025390625,178.5,215.7356109619141,157.90032958984375,111.33468627929688,162.5300750732422,347.4235534667969,68.47166442871094,76.02722930908203
2024-09-30,231.06707763671875,424.4057312011719,186.3300018310547,202.35772705078125,154.28273010253906,110.6550064086914,164.10287475585938,381.5903015136719,68.36078643798828,79.49241638183594
2024-10-31,224.035888671875,400.7838439941406,186.3999938964844,214.2768402099609,152.1882781982422,110.23963928222656,157.4242706298828,368.35247802734375,62.129730224609375,80.67372131347656
2024-11-30,235.6201171875,418.4954223632813,207.88999938964844,241.119384765625,148.75511169433594,112.26856994628906,170.84317016601562,397.6385803222656,61.4219856262207,91.05941772460938
2024-12-31,248.6158142089844,416.5584106445313,219.38999938964844,231.4541473388672,138.78436279296875,102.3798599243164,159.7783203125,355.1928100585937,59.6774787902832,89.13996124267578
2025-01-31,234.29969787597656,410.1938781738281,237.67999267578125,259.4268798828125,146.010498046875,101.6755828857422,159.160888671875,365.0250854492188,60.84687423706055,96.84536743164062
2025-02-28,240.3615875244141,393.1224060058594,212.27999877929688,256.8549499511719,159.6288299560547,106.90621948242188,166.68792724609375,338.0098571777344,68.25623321533203,97.2893295288086
2025-03-31,220.77207946777344,371.7328796386719,190.25999450683597,238.0748748779297,160.42202758789062,114.20423889160156,163.4086151123047,324.10418701171875,69.15583038330078,86.85209655761719
2025-04-30,211.2009429931641,391.4093017578125,184.4199981689453,238.8772430419922,151.20338439941406,101.4327163696289,156.85325622558594,305.3921813964844,70.0538330078125,96.2110366821289
2025-05-31,199.8839263916016,456.71197509765625,205.00999450683597,257.8023376464844,151.4264678955078,99.13980865478516,163.9158477783203,343.6661682128906,69.61930847167969,97.9014663696289
2025-06-30,204.18316650390625,493.4683837890625,219.38999938964844,283.10400390625,149.0264129638672,104.46990203857422,153.71754455566406,383.3423461914063,68.8014907836914,96.9692611694336
2025-07-31,206.5716094970703,529.2723999023438,234.1100006103516,290.6790771484375,160.72413635253906,108.19126892089844,146.17156982421875,434.1123046875,66.02025604248047,97.1676025390625
2025-08-31,231.28561401367188,503.501220703125,229.0,295.7618713378906,174.11985778808594,111.7900619506836,152.5538787841797,415.3016357421875,67.08995819091797,96.40052032470705
2025-09-30,253.6928558349609,514.6903686523438,219.57000732421875,309.50885009765625,182.22784423828125,110.28375244140624,149.2607421875,472.8932189941406,64.98809814453125,102.4441909790039
2025-10-31,269.3749389648437,514.5512084960938,244.22000122070312,306.7639465332031,185.61843872070312,111.85853576660156,147.09591674804688,573.7537841796875,67.51629638671875,100.57543182373048
2025-11-30,278.093017578125,489.8286743164063,233.22000122070312,308.6965026855469,204.64886474609372,114.37614440917967,144.9340362548828,572.262939453125,71.65155029296875,109.84967803955078
2025-12-31,272.33868408203125,485.3187255859375,232.52999877929688,318.8917541503906,204.6389617919922,119.3786163330078,140.9135284423828,573.8829956054688,69.14506530761719,111.47803497314452
