delta;eta;es_baseline;riqueza_final;log_crecimiento_medio;CAGR;varianza_mensual;max_drawdown;peor_mes;percentil5_mensual;VaR_perdida;CVaR_perdida;turnover_total;costo_total;costo_medio;peso_max_promedio;peso_max_pico;Neff_promedio;violaciones_delta;min_factor_crecimiento;fraccion_factible;fallos_solver;n_meses;CAGR_diff_vs_baseline;MDD_diff_vs_baseline
0.5;0;1;8.63231467751456;0.0163296415307153;0.216473012401529;0.00296508740739984;0.264004795908193;-0.121318863046652;-0.080478236603391;0.0804782366033909;0.100130000500702;13.455121814912;0.0577900758025561;0.000437803604564819;0.250025047608628;0.250249998760772;4.24152291381439;0;0.878681136953348;1;0;132;0;0
0.5;0.01;0;8.62875032903893;0.0163265127967304;0.216427341013429;0.00286296727489049;0.27037739191129;-0.111083831537471;-0.0804778811981697;0.0804778811981696;0.0971562316238495;12.0552318506347;0.0505661499707344;0.000383076893717685;0.250022796367072;0.250249999925491;4.36947211321068;0;0.888916168462529;1;0;132;-4.5671388100077e-05;0.0063725960030967
0.5;0.02;0;8.78733119151106;0.016464477627897;0.218442899322775;0.00277755787245623;0.269312945631234;-0.110553584103282;-0.0830788316198323;0.0830788316198322;0.0962139186256783;11.3399540106034;0.0452149284429977;0.000342537336689377;0.249905715986559;0.25024999980866;4.43162550716336;0;0.889446415896718;1;0;132;0.00196988692124678;0.0053081497230405
0.5;0.03;0;8.06857324601616;0.015818005071057;0.209027189772752;0.00266334174071968;0.276447363997571;-0.11102085478687;-0.0817471562361345;0.0817471562361344;0.095095023572972;10.9733140581568;0.0426897235957379;0.000323406996937408;0.249618815091825;0.250249993032823;4.54225370722408;0;0.88897914521313;1;0;132;-0.0074458226287768;0.0124425680893775
0.5;0.04;0;7.34629010490214;0.0151075411982153;0.198763362736211;0.0025845508796886;0.279056168797176;-0.111074934346941;-0.0808967482224395;0.0808967482224393;0.0947956116294387;11.2341414483737;0.0384775006217599;0.000291496216831514;0.249309542979603;0.250249996396242;4.61170313094098;0;0.888925065653059;1;0;132;-0.0177096496653173;0.0150513728889824
0.5;0.05;0;7.04625113322868;0.0147916342518245;0.194227593373982;0.00241644644783208;0.281071262871994;-0.108803222971431;-0.0791344216690331;0.079134421669033;0.0915975528480269;11.5991758432386;0.0368480510932533;0.000279151902221616;0.248725802888003;0.250249999595029;4.81109675058414;0;0.891196777028569;1;0;132;-0.0222454190275465;0.0170664669638012
0.5;0.1;0;5.80743710718364;0.0133268133031707;0.173419058668271;0.00183841984801136;0.239848293387218;-0.10366939754697;-0.062993133478722;0.0629931334787219;0.0784826405784194;10.5978922780638;0.0287316671934476;0.000217664145404906;0.248199637906747;0.275550459242512;5.77724163884056;0;0.89633060245303;1;0;132;-0.0430539537332573;-0.0241565025209752
0.5;0.15;0;3.49385389937303;0.00947731360696177;0.120447056532998;0.00133601041155871;0.220968150092755;-0.0961863361226497;-0.0607899130760107;0.0607899130760107;0.0732746072499353;8.64567718322746;0.0181532486177512;0.00013752461074054;0.240430428717044;0.314854178195997;6.62435360614866;0;0.90381366387735;1;0;132;-0.096025955868531;-0.0430366458154382
0.5;0.3;0;1.26153377417779;0.00176006258917376;0.021345372738486;1.31491047298985e-05;0.0190838750369653;-0.0190838750369653;2.10404326590475e-06;-2.10404326590481e-06;0.0053379508980918;0.821368560701678;0.000876333059414391;6.63888681374538e-06;0.305826194923556;0.493329431051996;5.46005411148093;0;0.980916124963035;1;0;132;-0.195127639663043;-0.244920920871228
0.5;0.5;0;1.24468463448778;0.0016581984257354;0.0200976735651315;2.61670668873698e-06;0;3.70463396537346e-06;1.62625360576429e-05;-1.6262536057643e-05;-9.59907044482757e-06;0.0104421034353957;1.11263300687292e-05;8.42903793085545e-08;0.347618634780377;0.584193496281247;4.63494615520435;0;1.00000370463397;1;0;132;-0.196375338836397;-0.264004795908193
0.5;1;0;1.24461156564796;0.00165775368009452;0.0200922293717363;2.61755244556711e-06;0;1.29128139469969e-06;1.66648382949219e-05;-1.66648382949219e-05;-8.65689920570567e-06;0.00789197335497441;8.45125264597798e-06;6.40246412574089e-08;0.373228915802093;0.603863644245024;4.26550458467513;0;1.00000129128139;1;0;132;-0.196380783029792;-0.264004795908193
0.6;0;1;8.63228573661418;0.0163296161320104;0.216472641639517;0.00296509262607054;0.26399426260409;-0.12132039360975;-0.0804772580927379;0.0804772580927378;0.100130065778704;13.4556171655467;0.0578136961299943;0.000437982546439351;0.250025183927103;0.250249999606351;4.2413883049552;0;0.87867960639025;1;0;132;0;0
0.6;0.01;0;8.62382970321899;0.0163221914176353;0.216364262924763;0.0028627641338225;0.270442819777765;-0.111076054406606;-0.0804776650329113;0.0804776650329112;0.0971641155111826;12.0616921729435;0.0505820746113529;0.000383197534934492;0.250022808030679;0.250249999070544;4.36945816414395;0;0.888923945593394;1;0;132;-0.000108378714753554;0.00644855717367454
0.6;0.02;0;8.7835634236672;0.0164612286531749;0.218395395966643;0.00277772895016361;0.269282081486911;-0.110555743906329;-0.0830706949760731;0.083070694976073;0.0962125220916039;11.335942844299;0.0451801918196714;0.000342274180452056;0.249902563952215;0.250249999851267;4.43196970207936;0;0.889444256093671;1;0;132;0.00192275432712585;0.00528781888282115
0.6;0.03;0;8.06753327469973;0.0158170285566073;0.209013022265509;0.0026633040715319;0.276421900204489;-0.111018510750598;-0.0817178014026965;0.0817178014026964;0.0950896920518443;10.9703618836917;0.0426748604692928;0.000323294397494642;0.249623585864057;0.25024999941096;4.5421452473077;0;0.888981489249402;1;0;132;-0.00745961937400752;0.0124276376003988
0.6;0.04;0;7.34705593400179;0.015108330907461;0.19877472288417;0.00258471109649119;0.279055940258859;-0.111074948713402;-0.0808989272239227;0.0808989272239225;0.0947900864321827;11.2389685511935;0.0385000354251583;0.000291666935039078;0.249311347512114;0.250249993143434;4.61139477307972;0;0.888925051286598;1;0;132;-0.0176979187553468;0.0150616776547691
0.6;0.05;0;7.04300948184083;0.0147881481972808;0.194177636708561;0.00241661176679928;0.281105072792304;-0.108803224109946;-0.0791386518136344;0.0791386518136343;0.0916072938847549;11.6027702088982;0.0368464936883834;0.000279140103699874;0.248731964714342;0.250249999384132;4.81116943187606;0;0.891196775890054;1;0;132;-0.0222950049309556;0.0171108101882135
0.6;0.1;0;5.80536271950383;0.0133241067968015;0.173380948893269;0.00183838742054945;0.239924004569539;-0.103615256371239;-0.0629966410415682;0.0629966410415682;0.0784911404521231;10.5909401520392;0.0286996171855183;0.000217421342314532;0.248192378863858;0.275633186482777;5.77719612589046;0;0.896384743628761;1;0;132;-0.0430916927462481;-0.0240702580345512
0.6;0.15;0;3.49195696321385;0.0094731993447481;0.12039174014268;0.00133595124120507;0.220947170905517;-0.0962041629272163;-0.0607883035220882;0.0607883035220882;0.0732735566772105;8.64236927771251;0.0181444774922979;0.000137458162820438;0.240438543473675;0.294365463498141;6.61843220441877;0;0.903795837072784;1;0;132;-0.0960809014968365;-0.0430470916985735
0.6;0.3;0;1.26194146334373;0.00176251044700759;0.0213753744783842;1.30950884640722e-05;0.0191579062421517;-0.0191579062421517;2.82822453609999e-06;-2.82822453610005e-06;0.00530158227256069;0.815087086378955;0.000869838972890411;6.58968918856372e-06;0.308704519504039;0.493254828526846;5.4339182331973;0;0.980842093757848;1;0;132;-0.195097267161133;-0.244836356361938
0.6;0.5;0;1.24468112044603;0.00165817703753373;0.0200974117485078;2.61678042835137e-06;0;3.46796679995265e-06;1.66648760473231e-05;-1.66648760473231e-05;-9.50288657208809e-06;0.00745215761003135;7.9635574632317e-06;6.03299807820584e-08;0.347077769649771;0.540123780679249;4.63248170394566;0;1.0000034679668;1;0;132;-0.196375229891009;-0.26399426260409
0.6;1;0;1.24460768787883;0.00165773007667841;0.0200919404398407;2.61764295338312e-06;0;1.50699582102121e-06;1.66131097947053e-05;-1.66131097947053e-05;-8.62792960276693e-06;0.00709463623109401;7.53999477481604e-06;5.71211725364851e-08;0.364732569893093;0.637239162973273;4.41058638368005;0;1.00000150699582;1;0;132;-0.196380701199676;-0.26399426260409
0.7;0;1;8.63188597102471;0.0163292652866591;0.216467520125043;0.00296523628062395;0.264044410103618;-0.121320558211525;-0.0804773654047552;0.0804773654047551;0.100130252117622;13.456916631558;0.0578260388254133;0.000438076051707677;0.250025303718958;0.250249999149182;4.24093985142335;0;0.878679441788475;1;0;132;0;0
0.7;0.01;0;8.62332663884455;0.0163217494788402;0.216357812239186;0.00286212172002395;0.270398022884328;-0.111072335765101;-0.0804778745366037;0.0804778745366036;0.0971544380054676;12.0626627495539;0.050586835381183;0.000383233601372599;0.250022822161126;0.250249999202148;4.36946255705128;0;0.888927664234899;1;0;132;-0.000109707885856958;0.00635361278070989
0.7;0.02;0;8.7841896847147;0.0164617687793764;0.21840329303956;0.00277775263026575;0.269314168055007;-0.110551834741188;-0.0830759089596867;0.0830759089596865;0.0962140136379179;11.3425670358659;0.0452212741352234;0.000342585410115329;0.249905726614966;0.250249999399118;4.43168895432904;0;0.889448165258812;1;0;132;0.00193577291451685;0.00526975795138862
0.7;0.03;0;8.0670501880246;0.0158165749040481;0.209006440621204;0.00266337491542816;0.276418673487135;-0.11101840800452;-0.0817995221827053;0.0817995221827052;0.0951020908392747;10.9718399449943;0.0426866088499745;0.000323383400378595;0.249627384503082;0.250249993929127;4.54224613390029;0;0.88898159199548;1;0;132;-0.00746107950383901;0.0123742633835168
0.7;0.04;0;7.3463218498446;0.0151075739346666;0.198763833655406;0.00258491748891537;0.27905378305704;-0.111074966354753;-0.0809068580709552;0.080906858070955;0.0948016224836396;11.2401360991697;0.0384998709581989;0.000291665689077264;0.249315099507539;0.250249998427676;4.61153708284098;0;0.888925033645247;1;0;132;-0.0177036864696372;0.0150093729534218
0.7;0.05;0;7.04273691166167;0.0147878550036448;0.194173435212553;0.00241636884621227;0.281034669091833;-0.108803392530935;-0.0791456435154133;0.0791456435154132;0.0916044373321014;11.6089323048431;0.0368525445145267;0.000279185943291869;0.248735707573206;0.250249999399849;4.81113063736943;0;0.891196607469065;1;0;132;-0.0222940849124897;0.0169902589882149
0.7;0.1;0;5.80727125098071;0.0133265969419247;0.173416012083311;0.00183838858042382;0.239844667485343;-0.103628140485558;-0.0629845051954267;0.0629845051954267;0.0784733475445669;10.5894397593334;0.0287085480071167;0.000217489000053914;0.248195815896474;0.275791241458674;5.7780145001813;0;0.896371859514442;1;0;132;-0.0430515080417315;-0.0241997426182753
0.7;0.15;0;3.48933522961492;0.00946750938977737;0.12031524301169;0.00133570105884465;0.220866425767163;-0.0962001515820602;-0.0607784256985478;0.0607784256985478;0.0732769901830821;8.64312228579981;0.0181363699248602;0.000137396741855002;0.240638994930017;0.294304628229585;6.61315693190995;0;0.90379984841794;1;0;132;-0.0961522771133534;-0.0431779843364554
0.7;0.3;0;1.26075907350674;0.00175540893076324;0.0212883384212035;1.30686059532999e-05;0.0191508056229193;-0.0191508056229193;3.9906157868197e-06;-3.99061578681974e-06;0.00532116011072768;0.816206241299109;0.000870528919263133;6.59491605502374e-06;0.309510570243202;0.493165887115316;5.39920892954231;0;0.980849194377081;1;0;132;-0.19517918170384;-0.244893604480699
0.7;0.5;0;1.24465213967627;0.00165800064388681;0.0200952524863611;2.6171143972765e-06;0;3.9294363420872e-06;1.61995626254852e-05;-1.61995626254852e-05;-9.28738812680915e-06;0.00529466895625786;5.64004661769053e-06;4.2727625891595e-08;0.356710875857194;0.627910523387605;4.57578458011558;0;1.00000392943634;1;0;132;-0.196372267638682;-0.264044410103618
0.7;1;0;1.24461055660977;0.00165774753823303;0.0200921541885568;2.61767885056648e-06;0;3.97978423549716e-08;1.66649565545463e-05;-1.66649565545463e-05;-8.4432645666472e-06;0.00424352098536001;4.51609308252903e-06;3.42128263827957e-08;0.359447103205897;0.561767851350533;4.53145260086872;0;1.00000003979784;1;0;132;-0.196375365936486;-0.264044410103618
0.75;0;1;8.63317080373111;0.0163303928336176;0.216483979727425;0.00296529498396897;0.263955612324816;-0.121320787926137;-0.080477414971854;0.0804774149718539;0.100130032126308;13.4545951970579;0.0578244836109119;0.000438064269779635;0.250025344857516;0.250249995719821;4.24070473491578;0;0.878679212073863;1;0;132;0;0
0.75;0.01;0;8.62527048657997;0.0163234569938529;0.216382735885233;0.00286220641909814;0.270344545219862;-0.111072571129123;-0.0804776231842259;0.0804776231842258;0.0971482614311932;12.0587809931135;0.0505726470015954;0.00038312611364845;0.25002281700194;0.250249999249607;4.36955741070892;0;0.888927428870877;1;0;132;-0.0001012438421919;0.0063889328950465
0.75;0.02;0;8.78488283670717;0.0164623665515643;0.218412033002134;0.0027776878760488;0.269320352225021;-0.110556963989301;-0.083074003339808;0.0830740033398079;0.0962145628396497;11.3383590003649;0.0451993194238986;0.000342419086544686;0.249905647728284;0.250249999409435;4.43170307857156;0;0.889443036010699;1;0;132;0.00192805327470924;0.0053647399002057
0.75;0.03;0;8.0676332147558;0.015817122403998;0.209014383818886;0.00266331156302913;0.276422817573231;-0.111017900407354;-0.0817417669633633;0.0817417669633631;0.0950929103471936;10.9712024048741;0.0426816018894311;0.000323345468859326;0.249626113686083;0.250249998130942;4.54223256549923;0;0.888982099592646;1;0;132;-0.00746959590853935;0.0124672052484157
0.75;0.04;0;7.34691516215791;0.0151081857522329;0.198772634784969;0.00258473435687945;0.279053208657364;-0.111074899279718;-0.0808987273956591;0.080898727395659;0.0948000289603776;11.2397866074277;0.0384976758899022;0.000291649059771987;0.249311165324255;0.250249998791541;4.61151291427393;0;0.888925100720282;1;0;132;-0.0177113449424562;0.015097596332548
0.75;0.05;0;7.04152648453081;0.01478655285496;0.194154775461923;0.00241647983846685;0.281056458854091;-0.108803444235465;-0.079143486932085;0.0791434869320849;0.0916103981052012;11.6115866952875;0.0368590086677343;0.000279234914149502;0.248728905504309;0.250249999527137;4.81110326079761;0;0.891196555764535;1;0;132;-0.0223292042655023;0.0171008465292757
0.75;0.1;0;5.80671427318891;0.0133258703130306;0.173405780472168;0.00183866177971136;0.2398773729521;-0.10362517025303;-0.0629859466489339;0.0629859466489339;0.0784916841171287;10.5907491018296;0.0286956460942374;0.000217391258289678;0.248211181217355;0.275979739603794;5.77743303329166;0;0.89637482974697;1;0;132;-0.0430781992552567;-0.0240782393727157
0.75;0.15;0;3.490045486985;0.00946905128522316;0.120335972111114;0.00133572017949249;0.220854338498996;-0.0962199935858558;-0.0607792512459913;0.0607792512459912;0.0732770229508396;8.64213970270281;0.0181329721409036;0.000137371001067451;0.240155507157578;0.302980002154869;6.63043436430829;0;0.903780006414144;1;0;132;-0.096148007616311;-0.0431012738258199
0.75;0.3;0;1.2610598682457;0.00175721615648868;0.0213104870440675;1.30626193753363e-05;0.0190478647470879;-0.0190478647470878;5.10932697621591e-06;-5.10932697621595e-06;0.00530333404828726;0.809407046239381;0.000863368092101463;6.54066736440502e-06;0.306808146457815;0.493211061732815;5.432706803264;0;0.980952135252912;1;0;132;-0.195173492683358;-0.244907747577728
0.75;0.5;0;1.24464686146179;0.00165796851719306;0.0200948592189836;2.61725690135253e-06;0;2.38882727621181e-06;1.64900012017633e-05;-1.64900012017633e-05;-9.01664047654143e-06;0.00441766934099599;4.69208876763617e-06;3.55461270275468e-08;0.346697468347048;0.537678763442216;4.65776389831313;0;1.00000238882728;1;0;132;-0.196389120508442;-0.263955612324816
0.75;1;0;1.24461043977199;0.00165774682705895;0.0200921454829996;2.61775718337496e-06;0;6.32532435540512e-07;1.6664897486951e-05;-1.6664897486951e-05;-8.48908286243955e-06;0.00376822863295402;4.00521985392122e-06;3.03425746509183e-08;0.358224831484764;0.635242191143224;4.4754989422845;0;1.00000063253244;1;0;132;-0.196391834244426;-0.263955612324816
0.8;0;1;8.63146609897574;0.0163288967778268;0.216462140788632;0.00296531369254021;0.263936216143433;-0.121320670052368;-0.0804775180402573;0.0804775180402572;0.100130008591157;13.4560494876053;0.0578325278202692;0.000438125210759615;0.250025353730878;0.250249999422431;4.24064490157466;0;0.878679329947632;1;0;132;0;0
0.8;0.01;0;8.62370538657908;0.0163220822086705;0.216362668871223;0.00286233218687834;0.270362160193943;-0.111072923359303;-0.0804774214841224;0.0804774214841223;0.0971487164343942;12.059179383305;0.0505749005709217;0.000383143186143346;0.250022818416896;0.250249999542061;4.3694726830541;0;0.888927076640697;1;0;132;-9.94719174089997e-05;0.00642594405051089
0.8;0.02;0;8.78421297571349;0.0164617888662293;0.218403586726249;0.00277773414223447;0.269286907909162;-0.110552754252639;-0.0830826759144517;0.0830826759144516;0.0962136819823816;11.3408769242471;0.0452152440381091;0.000342539727561433;0.249904358739811;0.250249999430729;4.43178362728026;0;0.889447245747361;1;0;132;0.00194144593761636;0.00535069176572933
0.8;0.03;0;8.06778949205825;0.0158172691518062;0.209016512863291;0.00266328610719221;0.276417950638458;-0.111018452467052;-0.0817365433066043;0.0817365433066042;0.0950921474363145;10.9705483024221;0.0426789110561646;0.000323325083758823;0.249625498502671;0.250249998673836;4.54232135603529;0;0.888981547532948;1;0;132;-0.00744562792534165;0.0124817344950257
0.8;0.04;0;7.34624434015623;0.0151074940038225;0.198762683837496;0.00258468920085497;0.279050779897119;-0.111074759323579;-0.0809034776379549;0.0809034776379547;0.0947969441205263;11.2374589459093;0.0384937224684235;0.000291619109609269;0.249310962064684;0.250249991726499;4.61164610725983;0;0.888925240676421;1;0;132;-0.0176994569511364;0.0151145637536861
0.8;0.05;0;7.04219714333218;0.0147872743613788;0.194165114590708;0.00241641238485526;0.281037321595866;-0.108802910282046;-0.079144796969858;0.0791447969698578;0.0916084264211278;11.6108557639173;0.0368584878219146;0.000279230968347838;0.24872327355407;0.250249998745599;4.81120699327285;0;0.891197089717954;1;0;132;-0.0222970261979247;0.0171011054524332
0.8;0.1;0;5.80964597952269;0.0133296942125062;0.173459625536531;0.00183862636944536;0.239939247569411;-0.103629459363396;-0.0629972056059256;0.0629972056059256;0.0784840086950158;10.5869447933085;0.0286963090617156;0.000217396280770572;0.248211375689408;0.276036940262607;5.77735998291434;0;0.896370540636604;1;0;132;-0.043002515252101;-0.0239969685740219
0.8;0.15;0;3.49022198696906;0.00946943439979481;0.120341122727387;0.00133579424099328;0.220852665586023;-0.0962156813231819;-0.0607785270982843;0.0607785270982843;0.0732768536335101;8.63991187509276;0.0181333536834212;0.00013737389154107;0.240289805271678;0.314000804728512;6.62784530603305;0;0.903784318676818;1;0;132;-0.096121018061246;-0.0430835505574094
0.8;0.3;0;1.26144176004403;0.00175951000611321;0.0213386002231171;1.30580148282512e-05;0.0191392462195036;-0.0191392462195037;5.1392490161728e-06;-5.13924901617282e-06;0.00523791216387144;0.796699768348209;0.000850269696997849;6.44143709846855e-06;0.3121652964118;0.493218078150734;5.37092570951748;0;0.980860753780496;1;0;132;-0.195123540565515;-0.244796969923929
0.8;0.5;0;1.24464945033014;0.00165798427476994;0.0200950521096799;2.61719734643416e-06;0;2.04710463913571e-06;1.65514727203053e-05;-1.65514727203053e-05;-9.07201103946978e-06;0.00351318899981522;3.74038112475144e-06;2.83362206420564e-08;0.355317515076965;0.589982340846404;4.57708972444884;0;1.00000204710464;1;0;132;-0.196367088678953;-0.263936216143433
0.8;1;0;1.24460841885938;0.00165773452605623;0.0200919949051357;2.61782091018655e-06;0;3.14043161697697e-07;1.65098776857553e-05;-1.65098776857553e-05;-8.4276436455826e-06;0.00312710951287183;3.29581838287536e-06;2.49683210823891e-08;0.352202306064238;0.574376908568652;4.63313124198708;0;1.00000031404316;1;0;132;-0.196370145883497;-0.263936216143433
0.9;0;1;8.91063508555337;0.0165700417938065;0.219987364257661;0.00278416985319946;0.267884507181558;-0.114149971027637;-0.0798529789799855;0.0798529789799853;0.0969395832460856;12.3028503050734;0.0493809434122047;0.000374098056153066;0.249944728753347;0.250249999583593;4.48113884025575;3;0.885850028972363;1;0;132;0;0
0.9;0.01;0;9.37900969530268;0.0169581377367487;0.225682280766615;0.00274172868520732;0.255412214811656;-0.111409802952955;-0.0795383414326525;0.0795383414326523;0.0952994248603939;10.7211709952827;0.0429600130755704;0.000325454644511897;0.249777535249958;0.250249999960552;4.56398272965614;3;0.888590197047045;1;0;132;0.00569491650895415;-0.0124722923699017
0.9;0.02;0;8.71867275025389;0.0164050531727004;0.217574345373887;0.00268036988319955;0.267968123274043;-0.110552790173312;-0.080432258567094;0.0804322585670938;0.0954891952530067;11.0176797007562;0.0417125341218962;0.000316004046378001;0.249796518233975;0.250249999133408;4.59235997809544;3;0.889447209826688;1;0;132;-0.00241301888377432;8.36160924849727e-05
0.9;0.03;0;7.9556737633484;0.0157112526897079;0.207479382997285;0.00261741385770003;0.27528850057713;-0.111013893870198;-0.081242376757219;0.0812423767572188;0.094562992369272;10.67778513477;0.0388808708261349;0.000294552051713143;0.249515269931855;0.25024999821833;4.65366510543782;3;0.888986106129802;1;0;132;-0.0125079812603768;0.00740399339557185
0.9;0.04;0;7.27881410408302;0.0150376359935493;0.197758186818708;0.00255857019712762;0.274986856466287;-0.111012287249196;-0.0780621932420094;0.0780621932420092;0.093980882176389;11.4630964312486;0.0383992203176749;0.00029090318422481;0.249310557863078;0.25024999614413;4.70813454857827;3;0.888987712750804;1;0;132;-0.0222291774389534;0.00710234928472908
0.9;0.05;0;7.24105386305667;0.014998233007578;0.197191977702849;0.00243731187727942;0.273931796358813;-0.108803551196487;-0.0770962716530108;0.0770962716530107;0.0914445440769201;11.2228316337132;0.0359145663811994;0.00027208004834242;0.24872467932536;0.250249994323177;4.86629702520996;2;0.891196448803513;1;0;132;-0.0227953865548127;0.00604728917725528
0.9;0.1;0;5.80746696933876;0.013326852258025;0.173419607192821;0.0018386095951506;0.239920242855025;-0.10362689437513;-0.0629892733497165;0.0629892733497165;0.0784900457450338;10.5885876674584;0.0286859662639931;0.000217317926242372;0.248213082529667;0.276348311422293;5.77788360413837;1;0.89637310562487;1;0;132;-0.0465677570648406;-0.0279642643265328
0.9;0.15;0;3.48846932485793;0.00946562917530444;0.120289966101637;0.00133580073613086;0.220858023825683;-0.0962105832119078;-0.0607793234065862;0.0607793234065861;0.07327704795099;8.63566975208184;0.0181178629576873;0.000137256537558237;0.24111151435261;0.294443303617966;6.60130627391275;0;0.903789416788092;1;0;132;-0.0996973981560245;-0.0470264833558746
0.9;0.3;0;1.26098066135106;0.00175674030986748;0.0213046552149843;1.30016738366761e-05;0.0190772281705367;-0.0190772281705366;3.88545434839571e-06;-3.88545434839573e-06;0.00521136994218833;0.788640542714245;0.000841518519062025;6.37514029592443e-06;0.309953860439004;0.493432612221702;5.39403369988817;0;0.980922771829463;1;0;132;-0.198682709042677;-0.248807279011021
0.9;0.5;0;1.24464005645971;0.00165792709726216;0.0200943521920067;2.61746820495027e-06;0;2.22774037861306e-06;1.66638929360197e-05;-1.66638929360197e-05;-8.98774557524438e-06;0.00195902626315791;2.06969537942282e-06;1.56795104501729e-08;0.349792050254012;0.530394092141779;4.67505242907408;0;1.00000222774038;1;0;132;-0.199893012065655;-0.267884507181558
0.9;1;0;1.24460617289585;0.00165772085517767;0.020091827558504;2.61780411727526e-06;0;7.25382829580568e-07;1.65444867469056e-05;-1.65444867469056e-05;-8.47391361943498e-06;0.00130820288829354;1.38949000846379e-06;1.0526439458059e-08;0.335016247747278;0.609855058533496;4.94015771308487;0;1.00000072538283;1;0;132;-0.199895536699157;-0.267884507181558
